[{"hashtags": ["architecture"], "image": null, "image_local_name": "8f84b0b1-5b40-4ecf-9b81-8d809cbd1d93.jpg", "post_link": null, "search_hashtag": "architecture"}, {"hashtags": ["architecture"], "image": null, "image_local_name": "460d80f8-2969-4d47-9e53-cb47ecc1aa38.jpg", "post_link": null, "search_hashtag": "architecture"}, {"hashtags": ["architecture"], "image": null, "image_local_name": "61c1b2ba-cf88-4fdc-be6a-a92c61ae19b9.jpg", "post_link": null, "search_hashtag": "architecture"}, {"hashtags": ["architecture"], "image": null, "image_local_name": "8298003f-54eb-44df-a284-c4fa7eff582a.jpg", "post_link": null, "search_hashtag": "architecture"}, {"hashtags": ["architecture"], "image": null, "image_local_name": "9c827e35-f335-483e-8a91-0d1df2bb1e39.jpg", "post_link": null, "search_hashtag": "architecture"}, {"hashtags": ["architecture"], "image": null, "image_local_name": "0fed69cd-a267-435d-a92f-2f6f5ab167c6.jpg", "post_link": null, "search_hashtag": "architecture"}, {"hashtags": ["architecture"], "image": null, "image_local_name": "b1a1200a-62c5-4392-b470-2cc7f4bd47e0.jpg", "post_link": null, "search_hashtag": "architecture"}, {"hashtags": ["architecture"], "image": null, "image_local_name": "e0f4af8f-a6bd-4dba-bc06-9a0537ff807f.jpg", "post_link": null, "search_hashtag": "architecture"}, {"hashtags": ["architecture"], "image": null, "image_local_name": "4792c02b-97cf-44a9-a039-e544f45fabbc.jpg", "post_link": null, "search_hashtag": "architecture"}, {"hashtags": ["architecture"], "image": null, "image_local_name": "3ac22c17-8f84-4629-a696-f3c688c283ef.jpg", "post_link": null, "search_hashtag": "architecture"}, {"hashtags": ["architecture"], "image": null, "image_local_name": "367d78e0-d024-4601-8c99-c76863c81b55.jpg", "post_link": null, "search_hashtag": "architecture"}, {"hashtags": ["architecture"], "image": null, "image_local_name": "fd88a75c-e95b-4530-bf5b-1f9ec21d0122.jpg", "post_link": null, "search_hashtag": "architecture"}, {"hashtags": ["architecture"], "image": null, "image_local_name": "9b672df0-d371-43ca-9768-f4d123e7b70c.jpg", "post_link": null, "search_hashtag": "architecture"}, {"hashtags": ["architecture"], "image": null, "image_local_name": "43ec43de-4ef1-479b-ae00-b2ba9d195f3f.jpg", "post_link": null, "search_hashtag": "architecture"}, {"hashtags": ["architecture"], "image": null, "image_local_name": "4e2f69dd-8a75-4e89-bdf6-416cbebb3cdd.jpg", "post_link": null, "search_hashtag": "architecture"}, {"hashtags": ["architecture"], "image": null, "image_local_name": "3cb17533-d0b5-407a-bfd8-4000f2e91a12.jpg", "post_link": null, "search_hashtag": "architecture"}, {"hashtags": ["architecture"], "image": null, "image_local_name": "fe4c81f3-4c27-4a0b-b669-366c5afd88bc.jpg", "post_link": null, "search_hashtag": "architecture"}, {"hashtags": ["architecture"], "image": null, "image_local_name": "f0c5ccd9-2b28-4edb-9140-20184172a633.jpg", "post_link": null, "search_hashtag": "architecture"}, {"hashtags": ["architecture"], "image": null, "image_local_name": "bacc7849-d875-4aa4-8a70-8366e1e33528.jpg", "post_link": null, "search_hashtag": "architecture"}, {"hashtags": ["architecture"], "image": null, "image_local_name": "1f28f3e5-3c6e-4982-9193-ce70367e27b8.jpg", "post_link": null, "search_hashtag": "architecture"}, {"hashtags": ["architecture"], "image": null, "image_local_name": "b6b1c2e3-7e66-494c-a244-1d37f68e9a74.jpg", "post_link": null, "search_hashtag": "architecture"}, {"hashtags": ["architecture"], "image": null, "image_local_name": "b7e1c9bd-12ba-4682-9d28-a5d29d5bc649.jpg", "post_link": null, "search_hashtag": "architecture"}, {"hashtags": ["architecture"], "image": null, "image_local_name": "e869287f-86f5-4c40-90c1-cee66bcb126b.jpg", "post_link": null, "search_hashtag": "architecture"}, {"hashtags": ["architecture"], "image": null, "image_local_name": "1656973a-df55-4b1f-98cb-08d96643fe02.jpg", "post_link": null, "search_hashtag": "architecture"}, {"hashtags": ["architecture"], "image": null, "image_local_name": "19f8b829-35ac-4c35-9761-f7d445ec651b.jpg", "post_link": null, "search_hashtag": "architecture"}, {"hashtags": ["architecture"], "image": null, "image_local_name": "a7e39994-f3dd-49a9-8dac-53353477f6ee.jpg", "post_link": null, "search_hashtag": "architecture"}, {"hashtags": ["architecture"], "image": null, "image_local_name": "e1e78807-b05e-417b-a7d3-894bf055964c.jpg", "post_link": null, "search_hashtag": "architecture"}, {"hashtags": ["architecture"], "image": null, "image_local_name": "c9ac3a4a-312c-41e9-9f57-3792ecd572bd.jpg", "post_link": null, "search_hashtag": "architecture"}, {"hashtags": ["architecture"], "image": null, "image_local_name": "2ff86113-41ef-40b6-a51b-b04076a805e2.jpg", "post_link": null, "search_hashtag": "architecture"}, {"hashtags": ["architecture"], "image": null, "image_local_name": "a21a6d78-2a6f-495a-a9ae-e69909d0c191.jpg", "post_link": null, "search_hashtag": "architecture"}, {"hashtags": ["architecture"], "image": null, "image_local_name": "770cae4a-96f0-4da3-a470-9ef4902ca7fc.jpg", "post_link": null, "search_hashtag": "architecture"}, {"hashtags": ["architecture"], "image": null, "image_local_name": "808536cc-1446-4474-88d6-60b46081b2dc.jpg", "post_link": null, "search_hashtag": "architecture"}, {"hashtags": ["architecture"], "image": null, "image_local_name": "6e965c59-fe3b-4618-854b-1a805f259f47.jpg", "post_link": null, "search_hashtag": "architecture"}, {"hashtags": ["architecture"], "image": null, "image_local_name": "0fdf76d1-2c82-4765-a011-e58411cb5de7.jpg", "post_link": null, "search_hashtag": "architecture"}, {"hashtags": ["architecture"], "image": null, "image_local_name": "d0221360-e469-4865-8a8e-1cbab014bb9e.jpg", "post_link": null, "search_hashtag": "architecture"}, {"hashtags": ["architecture"], "image": null, "image_local_name": "edd3358a-f1d3-42af-aaeb-7af800ab06e4.jpg", "post_link": null, "search_hashtag": "architecture"}, {"hashtags": ["architecture"], "image": null, "image_local_name": "6e30cdd6-7155-4dc1-b37a-2fd5344cebca.jpg", "post_link": null, "search_hashtag": "architecture"}, {"hashtags": ["architecture"], "image": null, "image_local_name": "6a0fe805-8237-457f-aa4d-3adca36b2a45.jpg", "post_link": null, "search_hashtag": "architecture"}, {"hashtags": ["architecture"], "image": null, "image_local_name": "340df8a9-d148-4ff6-ad2a-6674dafb5fe7.jpg", "post_link": null, "search_hashtag": "architecture"}, {"hashtags": ["architecture"], "image": null, "image_local_name": "ea11bd04-2cb5-4111-ae5a-11dc7913944a.jpg", "post_link": null, "search_hashtag": "architecture"}, {"hashtags": ["architecture"], "image": null, "image_local_name": "461d17b7-9fc3-4a06-af84-5986b896a101.jpg", "post_link": null, "search_hashtag": "architecture"}, {"hashtags": ["architecture"], "image": null, "image_local_name": "1ecc3797-ba61-407e-a9e4-5a00b6065d50.jpg", "post_link": null, "search_hashtag": "architecture"}, {"hashtags": ["architecture"], "image": null, "image_local_name": "e5d40160-9861-4c87-8f8b-3a044b51164b.jpg", "post_link": null, "search_hashtag": "architecture"}, {"hashtags": ["architecture"], "image": null, "image_local_name": "7b7d9739-6c76-4ea8-a31a-c813e1e50ec1.jpg", "post_link": null, "search_hashtag": "architecture"}, {"hashtags": ["architecture"], "image": null, "image_local_name": "f0a4f7e8-040a-4c67-a815-5be89681d78a.jpg", "post_link": null, "search_hashtag": "architecture"}, {"hashtags": ["architecture"], "image": null, "image_local_name": "eae24286-1265-4364-8cd6-175f02c639f6.jpg", "post_link": null, "search_hashtag": "architecture"}, {"hashtags": ["architecture"], "image": null, "image_local_name": "b41d2f0c-598b-4589-9a6d-457eb2bc6195.jpg", "post_link": null, "search_hashtag": "architecture"}, {"hashtags": ["architecture"], "image": null, "image_local_name": "2accad6a-0a86-4f26-a164-69e9289ea694.jpg", "post_link": null, "search_hashtag": "architecture"}, {"hashtags": ["architecture"], "image": null, "image_local_name": "91ea3c2c-4003-4584-8931-8a10f397b1be.jpg", "post_link": null, "search_hashtag": "architecture"}, {"hashtags": ["architecture"], "image": null, "image_local_name": "5ca4a89c-2bd2-4df3-a5ae-31eddeabbfd7.jpg", "post_link": null, "search_hashtag": "architecture"}, {"hashtags": ["architecture"], "image": null, "image_local_name": "214665ef-b960-4c8a-b69a-2b6d9c22b1da.jpg", "post_link": null, "search_hashtag": "architecture"}, {"hashtags": ["architecture"], "image": null, "image_local_name": "1e9c041f-cf5c-4152-a4ab-0d909c570bf0.jpg", "post_link": null, "search_hashtag": "architecture"}, {"hashtags": ["architecture"], "image": null, "image_local_name": "4093509f-eafc-4c41-8b19-06d53cf2545c.jpg", "post_link": null, "search_hashtag": "architecture"}, {"hashtags": ["architecture"], "image": null, "image_local_name": "4aeed807-0e73-4963-8c1b-94bbfe9efe10.jpg", "post_link": null, "search_hashtag": "architecture"}, {"hashtags": ["architecture"], "image": null, "image_local_name": "42f5f159-d286-4f17-bd83-94d0b1a19191.jpg", "post_link": null, "search_hashtag": "architecture"}, {"hashtags": ["architecture"], "image": null, "image_local_name": "69617158-8c23-44bd-abb6-0317c8e58f3c.jpg", "post_link": null, "search_hashtag": "architecture"}, {"hashtags": ["architecture"], "image": null, "image_local_name": "d49b7fa2-ed9a-41f1-b7a1-caeb73a6ce3b.jpg", "post_link": null, "search_hashtag": "architecture"}, {"hashtags": ["architecture"], "image": null, "image_local_name": "479f37c3-a221-4c6b-a58b-5daf5bd2ab16.jpg", "post_link": null, "search_hashtag": "architecture"}, {"hashtags": ["architecture"], "image": null, "image_local_name": "d4eb8d6e-23c4-43b3-a2f4-e7cedf21120f.jpg", "post_link": null, "search_hashtag": "architecture"}, {"hashtags": ["architecture"], "image": null, "image_local_name": "71131ccf-8eae-4be5-a1c8-d80eb3a425b7.jpg", "post_link": null, "search_hashtag": "architecture"}, {"hashtags": ["architecture"], "image": null, "image_local_name": "c27c61f3-b39f-4ec4-a6bb-4fe2b8e895b3.jpg", "post_link": null, "search_hashtag": "architecture"}, {"hashtags": ["architecture"], "image": null, "image_local_name": "e98036e6-e622-43b2-9473-1b42f2a827e8.jpg", "post_link": null, "search_hashtag": "architecture"}, {"hashtags": ["architecture"], "image": null, "image_local_name": "308fc00c-16d7-4bfc-ab4a-00d5a2f94870.jpg", "post_link": null, "search_hashtag": "architecture"}, {"hashtags": ["architecture"], "image": null, "image_local_name": "4d37ce11-02d4-4304-a06a-55a7ed01bb5c.jpg", "post_link": null, "search_hashtag": "architecture"}, {"hashtags": ["architecture"], "image": null, "image_local_name": "1700c332-d27f-48e2-84c1-1909dfd3628d.jpg", "post_link": null, "search_hashtag": "architecture"}, {"hashtags": ["architecture"], "image": null, "image_local_name": "ecdce443-6c45-4b90-b832-ca5ab5223236.jpg", "post_link": null, "search_hashtag": "architecture"}, {"hashtags": ["architecture"], "image": null, "image_local_name": "f1187e80-2d11-4eff-9147-25151d672219.jpg", "post_link": null, "search_hashtag": "architecture"}, {"hashtags": ["architecture"], "image": null, "image_local_name": "d84115ab-3a42-4848-86fa-7b014f5fafc2.jpg", "post_link": null, "search_hashtag": "architecture"}, {"hashtags": ["architecture"], "image": null, "image_local_name": "2b96ff49-1eb2-4414-b789-8508a599c059.jpg", "post_link": null, "search_hashtag": "architecture"}, {"hashtags": ["architecture"], "image": null, "image_local_name": "30c4f465-a482-422c-b616-f519478912ef.jpg", "post_link": null, "search_hashtag": "architecture"}, {"hashtags": ["architecture"], "image": null, "image_local_name": "ba19f4bb-227f-4bcf-9298-95a55b2342e6.jpg", "post_link": null, "search_hashtag": "architecture"}, {"hashtags": ["architecture"], "image": null, "image_local_name": "afdd0eb4-1576-4558-8eaa-c14e902678db.jpg", "post_link": null, "search_hashtag": "architecture"}, {"hashtags": ["architecture"], "image": null, "image_local_name": "c98df07d-0027-4dd9-ac20-6e9687a72955.jpg", "post_link": null, "search_hashtag": "architecture"}, {"hashtags": ["architecture"], "image": null, "image_local_name": "964b1f9d-371c-4436-b547-12669a5b6bc4.jpg", "post_link": null, "search_hashtag": "architecture"}, {"hashtags": ["architecture"], "image": null, "image_local_name": "3971ab99-53d9-434d-b221-2ce95ff23be4.jpg", "post_link": null, "search_hashtag": "architecture"}, {"hashtags": ["architecture"], "image": null, "image_local_name": "f4631d57-68db-411f-b68d-90de4e81f9ad.jpg", "post_link": null, "search_hashtag": "architecture"}, {"hashtags": ["architecture"], "image": null, "image_local_name": "22afb3d7-6b17-4456-a690-af1f07f582ff.jpg", "post_link": null, "search_hashtag": "architecture"}, {"hashtags": ["architecture"], "image": null, "image_local_name": "5d9d8d2a-6ce9-4df8-8c90-baa2b461b059.jpg", "post_link": null, "search_hashtag": "architecture"}, {"hashtags": ["architecture"], "image": null, "image_local_name": "e6cdfb69-4885-47c1-9292-b1fe8e6f4f32.jpg", "post_link": null, "search_hashtag": "architecture"}, {"hashtags": ["architecture"], "image": null, "image_local_name": "d6eca8a5-439a-4c45-886c-53f0c9a4bbb4.jpg", "post_link": null, "search_hashtag": "architecture"}, {"hashtags": ["architecture"], "image": null, "image_local_name": "c50a413f-8d9d-4b54-8d60-dac212cfdc47.jpg", "post_link": null, "search_hashtag": "architecture"}, {"hashtags": ["architecture"], "image": null, "image_local_name": "87f24a6b-a68e-43be-8f0d-646215fe7c7f.jpg", "post_link": null, "search_hashtag": "architecture"}, {"hashtags": ["architecture"], "image": null, "image_local_name": "aec75e89-c5b5-403f-8ace-e3ea45672aad.jpg", "post_link": null, "search_hashtag": "architecture"}, {"hashtags": ["architecture"], "image": null, "image_local_name": "4c3f18d1-739f-4ea5-9ec0-64134ab95301.jpg", "post_link": null, "search_hashtag": "architecture"}, {"hashtags": ["architecture"], "image": null, "image_local_name": "e9b2deb9-1363-4815-bce1-30f179f30d24.jpg", "post_link": null, "search_hashtag": "architecture"}, {"hashtags": ["architecture"], "image": null, "image_local_name": "2614c41b-83a0-429a-b79f-b6c75b2a4e2d.jpg", "post_link": null, "search_hashtag": "architecture"}, {"hashtags": ["architecture"], "image": null, "image_local_name": "b71f6d62-1fcd-4ad4-a202-640c2d9c84da.jpg", "post_link": null, "search_hashtag": "architecture"}, {"hashtags": ["architecture"], "image": null, "image_local_name": "787b3180-3b0e-4df5-8b4d-4e656eab8e3f.jpg", "post_link": null, "search_hashtag": "architecture"}, {"hashtags": ["architecture"], "image": null, "image_local_name": "3b2789b0-8158-4f1e-bb32-28bdb814fe4a.jpg", "post_link": null, "search_hashtag": "architecture"}, {"hashtags": ["architecture"], "image": null, "image_local_name": "f93e9ec0-6538-467c-8f0e-0e5b7043b214.jpg", "post_link": null, "search_hashtag": "architecture"}, {"hashtags": ["architecture"], "image": null, "image_local_name": "d0fe96d9-5eee-48af-bee6-66ae37dde44d.jpg", "post_link": null, "search_hashtag": "architecture"}, {"hashtags": ["architecture"], "image": null, "image_local_name": "05e3d23f-dd5d-429a-ba6e-842dd5b092d3.jpg", "post_link": null, "search_hashtag": "architecture"}, {"hashtags": ["architecture"], "image": null, "image_local_name": "14ecb33d-2046-4f89-8f61-eae6a599ea17.jpg", "post_link": null, "search_hashtag": "architecture"}, {"hashtags": ["architecture"], "image": null, "image_local_name": "0d6fd681-4035-449d-8186-3e4bdb477aeb.jpg", "post_link": null, "search_hashtag": "architecture"}, {"hashtags": ["architecture"], "image": null, "image_local_name": "8f42840d-50b3-4b8d-8acf-8d6ea36cf80d.jpg", "post_link": null, "search_hashtag": "architecture"}, {"hashtags": ["architecture"], "image": null, "image_local_name": "729446cc-ca0c-43e0-bd62-7102879a7fa7.jpg", "post_link": null, "search_hashtag": "architecture"}, {"hashtags": ["architecture"], "image": null, "image_local_name": "e3ac0a7b-5411-447b-9e12-2797ca532984.jpg", "post_link": null, "search_hashtag": "architecture"}, {"hashtags": ["architecture"], "image": null, "image_local_name": "7058289b-26e8-4f98-b3eb-2483909aa6f6.jpg", "post_link": null, "search_hashtag": "architecture"}, {"hashtags": ["architecture"], "image": null, "image_local_name": "0aa51f43-ee80-4218-96ea-6262dc2583f8.jpg", "post_link": null, "search_hashtag": "architecture"}, {"hashtags": ["architecture"], "image": null, "image_local_name": "d6fafef9-a37b-421d-87b2-ad4b643afbb3.jpg", "post_link": null, "search_hashtag": "architecture"}, {"hashtags": ["architecture"], "image": null, "image_local_name": "44949747-c5b2-4e1f-a827-2721b11d9597.jpg", "post_link": null, "search_hashtag": "architecture"}, {"hashtags": ["architecture"], "image": null, "image_local_name": "29822e1a-b62f-419e-82e1-60eeaf7ce449.jpg", "post_link": null, "search_hashtag": "architecture"}, {"hashtags": ["architecture"], "image": null, "image_local_name": "e29eabcd-b54f-44fa-810f-927ca8702c35.jpg", "post_link": null, "search_hashtag": "architecture"}, {"hashtags": ["architecture"], "image": null, "image_local_name": "866dd379-e52f-4167-9984-d9185446642f.jpg", "post_link": null, "search_hashtag": "architecture"}, {"hashtags": ["architecture"], "image": null, "image_local_name": "a0f288c5-1dd4-419f-bca0-e8b0391e6c4a.jpg", "post_link": null, "search_hashtag": "architecture"}, {"hashtags": ["architecture"], "image": null, "image_local_name": "a3a7c71f-342a-4af4-9412-4ab6eaaa9060.jpg", "post_link": null, "search_hashtag": "architecture"}, {"hashtags": ["architecture"], "image": null, "image_local_name": "862e7f2a-6089-41a3-b794-aeb7ca686aa3.jpg", "post_link": null, "search_hashtag": "architecture"}, {"hashtags": ["architecture"], "image": null, "image_local_name": "8fcbd33e-8096-497e-a87b-21e6bf8477a9.jpg", "post_link": null, "search_hashtag": "architecture"}, {"hashtags": ["architecture"], "image": null, "image_local_name": "aefb183e-7e64-487d-b2ff-50f2960eb5d7.jpg", "post_link": null, "search_hashtag": "architecture"}, {"hashtags": ["architecture"], "image": null, "image_local_name": "9b77f10d-9a52-4d5d-b3f3-b7497cfddb94.jpg", "post_link": null, "search_hashtag": "architecture"}, {"hashtags": ["architecture"], "image": null, "image_local_name": "b2c1fd37-9ea2-412f-b52c-ee9ad849ce20.jpg", "post_link": null, "search_hashtag": "architecture"}, {"hashtags": ["architecture"], "image": null, "image_local_name": "9018854c-deea-441d-8e0f-e873370fecc1.jpg", "post_link": null, "search_hashtag": "architecture"}, {"hashtags": ["architecture"], "image": null, "image_local_name": "fbab0241-459b-4b04-80d8-11bc83904b92.jpg", "post_link": null, "search_hashtag": "architecture"}, {"hashtags": ["architecture"], "image": null, "image_local_name": "59e1208a-bad3-480c-9177-7607cf2b6f05.jpg", "post_link": null, "search_hashtag": "architecture"}, {"hashtags": ["architecture"], "image": null, "image_local_name": "442f5dba-a407-47f4-afa6-a6b02db41649.jpg", "post_link": null, "search_hashtag": "architecture"}, {"hashtags": ["architecture"], "image": null, "image_local_name": "875a7efe-35ec-4703-ad55-fc04b6dcfa2a.jpg", "post_link": null, "search_hashtag": "architecture"}, {"hashtags": ["architecture"], "image": null, "image_local_name": "95c97a7e-2c8e-4431-8d68-d1bf5090c56e.jpg", "post_link": null, "search_hashtag": "architecture"}, {"hashtags": ["architecture"], "image": null, "image_local_name": "ad953a67-a062-4f06-92da-dfc9269da1c1.jpg", "post_link": null, "search_hashtag": "architecture"}, {"hashtags": ["architecture"], "image": null, "image_local_name": "e8c44408-6173-4ae1-8f97-638cafdb8110.jpg", "post_link": null, "search_hashtag": "architecture"}, {"hashtags": ["architecture"], "image": null, "image_local_name": "f7abb68f-e89a-45f3-bd39-4441fb4c1e68.jpg", "post_link": null, "search_hashtag": "architecture"}, {"hashtags": ["architecture"], "image": null, "image_local_name": "9ccc2e3a-b68c-4359-a89a-18b2b2ea4efa.jpg", "post_link": null, "search_hashtag": "architecture"}, {"hashtags": ["architecture"], "image": null, "image_local_name": "b39c3c9b-55c6-4d06-9c97-c68284507c0d.jpg", "post_link": null, "search_hashtag": "architecture"}, {"hashtags": ["architecture"], "image": null, "image_local_name": "5ad0db05-5580-4a74-8542-1e05e277b65b.jpg", "post_link": null, "search_hashtag": "architecture"}, {"hashtags": ["architecture"], "image": null, "image_local_name": "c327fa5b-bc8f-4dc2-922f-556f8d7a98b4.jpg", "post_link": null, "search_hashtag": "architecture"}, {"hashtags": ["architecture"], "image": null, "image_local_name": "73b935ad-9123-41cd-93a9-1fd92c05fc5e.jpg", "post_link": null, "search_hashtag": "architecture"}, {"hashtags": ["architecture"], "image": null, "image_local_name": "a3e16413-4811-4a67-ba9c-a3f52bc817fb.jpg", "post_link": null, "search_hashtag": "architecture"}, {"hashtags": ["architecture"], "image": null, "image_local_name": "87771b5d-c804-44f5-b27b-59bbd4eaa8af.jpg", "post_link": null, "search_hashtag": "architecture"}, {"hashtags": ["architecture"], "image": null, "image_local_name": "5011a7c5-cb57-4c18-96b4-9e55da8490b9.jpg", "post_link": null, "search_hashtag": "architecture"}, {"hashtags": ["architecture"], "image": null, "image_local_name": "e09bfe41-4994-44b7-8b97-c72a540e5a35.jpg", "post_link": null, "search_hashtag": "architecture"}, {"hashtags": ["architecture"], "image": null, "image_local_name": "1b31f139-fae2-4b52-98ae-f21c21d09d3f.jpg", "post_link": null, "search_hashtag": "architecture"}, {"hashtags": ["architecture"], "image": null, "image_local_name": "55c97293-3fcd-4ffd-b004-7b7bc31c2cfc.jpg", "post_link": null, "search_hashtag": "architecture"}, {"hashtags": ["architecture"], "image": null, "image_local_name": "cdcb71f4-38f7-4da1-93bd-bc02ff356f5c.jpg", "post_link": null, "search_hashtag": "architecture"}, {"hashtags": ["architecture"], "image": null, "image_local_name": "e60fc105-c814-4b89-a77f-b2ab26ab0eb6.jpg", "post_link": null, "search_hashtag": "architecture"}, {"hashtags": ["architecture"], "image": null, "image_local_name": "399f31f6-c49e-49cf-a487-b276ba1ef65a.jpg", "post_link": null, "search_hashtag": "architecture"}, {"hashtags": ["architecture"], "image": null, "image_local_name": "6fc99b54-8f75-4af3-be4b-a092f9cdd44e.jpg", "post_link": null, "search_hashtag": "architecture"}, {"hashtags": ["architecture"], "image": null, "image_local_name": "1ba6c30e-32aa-4b8f-8c0e-efb466c5b7b9.jpg", "post_link": null, "search_hashtag": "architecture"}, {"hashtags": ["architecture"], "image": null, "image_local_name": "555bd84b-d078-42fa-8303-e728dc501ecb.jpg", "post_link": null, "search_hashtag": "architecture"}, {"hashtags": ["architecture"], "image": null, "image_local_name": "a96133c1-5a0a-42dc-8e06-71d52fbfb270.jpg", "post_link": null, "search_hashtag": "architecture"}, {"hashtags": ["architecture"], "image": null, "image_local_name": "0a6234ba-a0ba-4b79-96b8-bc67a76ebe2b.jpg", "post_link": null, "search_hashtag": "architecture"}, {"hashtags": ["architecture"], "image": null, "image_local_name": "b4635578-4b9a-49ca-8689-0c0111a557c4.jpg", "post_link": null, "search_hashtag": "architecture"}, {"hashtags": ["architecture"], "image": null, "image_local_name": "347c8741-4e63-404f-a28b-98b7a9bf1cb1.jpg", "post_link": null, "search_hashtag": "architecture"}, {"hashtags": ["architecture"], "image": null, "image_local_name": "b8f3d1a9-3cf2-4ffb-a99b-14ef5f2ca6e6.jpg", "post_link": null, "search_hashtag": "architecture"}, {"hashtags": ["architecture"], "image": null, "image_local_name": "82015202-9e4a-4422-9aff-f95ab95682b4.jpg", "post_link": null, "search_hashtag": "architecture"}, {"hashtags": ["architecture"], "image": null, "image_local_name": "df4636fa-a3f7-4e1a-8570-d3846417da64.jpg", "post_link": null, "search_hashtag": "architecture"}, {"hashtags": ["architecture"], "image": null, "image_local_name": "6adcc89b-66f9-4b14-b5aa-4c16f3eb280f.jpg", "post_link": null, "search_hashtag": "architecture"}, {"hashtags": ["architecture"], "image": null, "image_local_name": "340fae61-367e-4d40-abfd-8870d916ad8b.jpg", "post_link": null, "search_hashtag": "architecture"}, {"hashtags": ["architecture"], "image": null, "image_local_name": "246692c7-47cc-40fd-a753-22a0c37dcd48.jpg", "post_link": null, "search_hashtag": "architecture"}, {"hashtags": ["architecture"], "image": null, "image_local_name": "dbf56b15-833d-4240-8711-a7e75fd7baa0.jpg", "post_link": null, "search_hashtag": "architecture"}, {"hashtags": ["architecture"], "image": null, "image_local_name": "ff77a65f-63d6-4a8c-ab7e-1369d90beda9.jpg", "post_link": null, "search_hashtag": "architecture"}, {"hashtags": ["architecture"], "image": null, "image_local_name": "81b3cd5e-8419-4e9e-995e-d5b7dd4be3f9.jpg", "post_link": null, "search_hashtag": "architecture"}, {"hashtags": ["architecture"], "image": null, "image_local_name": "8929f571-fbde-4329-9b8f-b5d7f10764c2.jpg", "post_link": null, "search_hashtag": "architecture"}, {"hashtags": ["architecture"], "image": null, "image_local_name": "7a7771ed-548d-4445-985a-b4a821a3ff06.jpg", "post_link": null, "search_hashtag": "architecture"}, {"hashtags": ["architecture"], "image": null, "image_local_name": "b9731cd1-450a-4400-b588-55eed1874e32.jpg", "post_link": null, "search_hashtag": "architecture"}, {"hashtags": ["architecture"], "image": null, "image_local_name": "a09da32e-6d34-4768-a3ea-caa73ff8d7f3.jpg", "post_link": null, "search_hashtag": "architecture"}, {"hashtags": ["architecture"], "image": null, "image_local_name": "bc3ddd88-1d68-4b3e-ac63-f7dfc65c78de.jpg", "post_link": null, "search_hashtag": "architecture"}, {"hashtags": ["architecture"], "image": null, "image_local_name": "f555333b-f85f-4b86-bc1c-7cf81b93120e.jpg", "post_link": null, "search_hashtag": "architecture"}, {"hashtags": ["architecture"], "image": null, "image_local_name": "e0dd967f-54ef-4923-8653-7ac58120f0ce.jpg", "post_link": null, "search_hashtag": "architecture"}, {"hashtags": ["architecture"], "image": null, "image_local_name": "4aa3e840-ef33-4cdf-829d-ff67596a1426.jpg", "post_link": null, "search_hashtag": "architecture"}, {"hashtags": ["architecture"], "image": null, "image_local_name": "3e2c4e2f-f772-475f-ac12-292fc169349d.jpg", "post_link": null, "search_hashtag": "architecture"}, {"hashtags": ["architecture"], "image": null, "image_local_name": "8325a6b0-7d05-4034-9ac4-baeb9b25f35d.jpg", "post_link": null, "search_hashtag": "architecture"}, {"hashtags": ["architecture"], "image": null, "image_local_name": "6165e066-89a9-4b14-a6ba-b5f0c7fb26c5.jpg", "post_link": null, "search_hashtag": "architecture"}, {"hashtags": ["architecture"], "image": null, "image_local_name": "f37859db-048e-428a-875f-563fefd73d5f.jpg", "post_link": null, "search_hashtag": "architecture"}, {"hashtags": ["architecture"], "image": null, "image_local_name": "c94279a8-cd86-43bd-8e04-984538f344fb.jpg", "post_link": null, "search_hashtag": "architecture"}, {"hashtags": ["architecture"], "image": null, "image_local_name": "5e6fd083-c807-47e6-a4cd-355d287656b2.jpg", "post_link": null, "search_hashtag": "architecture"}, {"hashtags": ["architecture"], "image": null, "image_local_name": "ed4ff30f-191d-463b-94da-d0d31a0318f2.jpg", "post_link": null, "search_hashtag": "architecture"}, {"hashtags": ["architecture"], "image": null, "image_local_name": "e1f507d5-7e8a-4d43-aaf6-f68fff69a126.jpg", "post_link": null, "search_hashtag": "architecture"}, {"hashtags": ["architecture"], "image": null, "image_local_name": "f2c4040c-0212-42e4-9f61-67bb7c724ae5.jpg", "post_link": null, "search_hashtag": "architecture"}, {"hashtags": ["architecture"], "image": null, "image_local_name": "e5ab91e7-baa7-4176-ad33-f117633b1455.jpg", "post_link": null, "search_hashtag": "architecture"}, {"hashtags": ["architecture"], "image": null, "image_local_name": "053e0d95-ade5-404b-b4da-0523de9c38ce.jpg", "post_link": null, "search_hashtag": "architecture"}, {"hashtags": ["architecture"], "image": null, "image_local_name": "870eca76-d24e-45b2-9297-72083604482c.jpg", "post_link": null, "search_hashtag": "architecture"}, {"hashtags": ["architecture"], "image": null, "image_local_name": "765f7715-44ee-428e-a308-3cb57cd163b1.jpg", "post_link": null, "search_hashtag": "architecture"}, {"hashtags": ["architecture"], "image": null, "image_local_name": "cf59560f-326f-40da-8b73-2ebe9591364f.jpg", "post_link": null, "search_hashtag": "architecture"}, {"hashtags": ["architecture"], "image": null, "image_local_name": "215137dd-af37-4863-a112-7e9c8e926603.jpg", "post_link": null, "search_hashtag": "architecture"}, {"hashtags": ["architecture"], "image": null, "image_local_name": "a36554b5-049e-4b52-a3ae-7a1153aa965e.jpg", "post_link": null, "search_hashtag": "architecture"}, {"hashtags": ["architecture"], "image": null, "image_local_name": "36f30b01-d38a-4758-b3d5-e8a262313ce5.jpg", "post_link": null, "search_hashtag": "architecture"}, {"hashtags": ["architecture"], "image": null, "image_local_name": "106de63a-abe2-4da2-bf9e-80310e2f7ba0.jpg", "post_link": null, "search_hashtag": "architecture"}, {"hashtags": ["architecture"], "image": null, "image_local_name": "abaaec2f-51ba-4852-b93a-c802d30a554d.jpg", "post_link": null, "search_hashtag": "architecture"}, {"hashtags": ["architecture"], "image": null, "image_local_name": "bd38fe4c-997e-4777-a1d5-77950f8e9727.jpg", "post_link": null, "search_hashtag": "architecture"}, {"hashtags": ["architecture"], "image": null, "image_local_name": "eeb74d09-41d0-4d08-ab1e-45c3ee97133f.jpg", "post_link": null, "search_hashtag": "architecture"}, {"hashtags": ["architecture"], "image": null, "image_local_name": "f4150a9c-c228-4148-aa97-350190636f88.jpg", "post_link": null, "search_hashtag": "architecture"}, {"hashtags": ["architecture"], "image": null, "image_local_name": "577b6166-e091-4429-a7c7-17b3540ad154.jpg", "post_link": null, "search_hashtag": "architecture"}, {"hashtags": ["architecture"], "image": null, "image_local_name": "e96fcf8a-ffa7-4b0c-a630-233d24253995.jpg", "post_link": null, "search_hashtag": "architecture"}, {"hashtags": ["architecture"], "image": null, "image_local_name": "d6ffc509-cd39-42ce-8619-c6042a7dbf70.jpg", "post_link": null, "search_hashtag": "architecture"}, {"hashtags": ["architecture"], "image": null, "image_local_name": "d61e13ca-d8b9-4403-a6e7-15653fc2f2d0.jpg", "post_link": null, "search_hashtag": "architecture"}, {"hashtags": ["architecture"], "image": null, "image_local_name": "d751b862-7fa6-47da-b5f2-0156b7e6ef4c.jpg", "post_link": null, "search_hashtag": "architecture"}, {"hashtags": ["architecture"], "image": null, "image_local_name": "f9e54f57-66d8-4f3e-9029-7873be0c30e9.jpg", "post_link": null, "search_hashtag": "architecture"}, {"hashtags": ["architecture"], "image": null, "image_local_name": "f26ca9a8-9949-4241-a990-30603f061db5.jpg", "post_link": null, "search_hashtag": "architecture"}, {"hashtags": ["architecture"], "image": null, "image_local_name": "cd5ad491-f671-4e31-a4ea-a5b8321f42be.jpg", "post_link": null, "search_hashtag": "architecture"}, {"hashtags": ["architecture"], "image": null, "image_local_name": "af42777b-9a06-4d9a-9b1e-5f91f0091136.jpg", "post_link": null, "search_hashtag": "architecture"}, {"hashtags": ["architecture"], "image": null, "image_local_name": "9f7904a3-8d46-480a-9ad1-da76df84c07b.jpg", "post_link": null, "search_hashtag": "architecture"}, {"hashtags": ["architecture"], "image": null, "image_local_name": "f836915e-ce97-4e2d-99ce-5b235ae57f62.jpg", "post_link": null, "search_hashtag": "architecture"}, {"hashtags": ["architecture"], "image": null, "image_local_name": "349b9404-c004-45e6-9655-edbce54d4d37.jpg", "post_link": null, "search_hashtag": "architecture"}, {"hashtags": ["architecture"], "image": null, "image_local_name": "740163e1-e66a-42bd-bf22-eb229c1a5854.jpg", "post_link": null, "search_hashtag": "architecture"}, {"hashtags": ["architecture"], "image": null, "image_local_name": "1d9e223e-f07e-4018-b2a7-eaab1977d332.jpg", "post_link": null, "search_hashtag": "architecture"}, {"hashtags": ["architecture"], "image": null, "image_local_name": "efa2cbe2-8261-436f-a767-fb9895682d9d.jpg", "post_link": null, "search_hashtag": "architecture"}, {"hashtags": ["architecture"], "image": null, "image_local_name": "81833f6b-93c6-4492-a837-090efe21ee34.jpg", "post_link": null, "search_hashtag": "architecture"}, {"hashtags": ["architecture"], "image": null, "image_local_name": "155c027f-437a-4ed3-9dc6-20dbff1d5ba3.jpg", "post_link": null, "search_hashtag": "architecture"}, {"hashtags": ["architecture"], "image": null, "image_local_name": "2eba0914-faa9-48d9-b08c-8ab25889a8f3.jpg", "post_link": null, "search_hashtag": "architecture"}, {"hashtags": ["architecture"], "image": null, "image_local_name": "785c790b-ee2f-4780-9d0c-483be2b39107.jpg", "post_link": null, "search_hashtag": "architecture"}, {"hashtags": ["architecture"], "image": null, "image_local_name": "593dd57b-24e8-49ed-8254-b24c1d463ff5.jpg", "post_link": null, "search_hashtag": "architecture"}, {"hashtags": ["architecture"], "image": null, "image_local_name": "01d8031d-1a22-4931-8cc5-1553b6d25b7e.jpg", "post_link": null, "search_hashtag": "architecture"}, {"hashtags": ["architecture"], "image": null, "image_local_name": "da002eef-c3c2-4944-8425-d0932c1ee645.jpg", "post_link": null, "search_hashtag": "architecture"}, {"hashtags": ["architecture"], "image": null, "image_local_name": "6328f360-8c75-40dd-9d1f-6ac447b4ff75.jpg", "post_link": null, "search_hashtag": "architecture"}, {"hashtags": ["architecture"], "image": null, "image_local_name": "6e8fb504-04be-4ec4-be31-a3c69c4bee50.jpg", "post_link": null, "search_hashtag": "architecture"}, {"hashtags": ["architecture"], "image": null, "image_local_name": "e37a45f5-021a-409c-89db-5308b78dcb1f.jpg", "post_link": null, "search_hashtag": "architecture"}, {"hashtags": ["architecture"], "image": null, "image_local_name": "ba24efd4-1cb5-47db-990d-4c2b4c23046d.jpg", "post_link": null, "search_hashtag": "architecture"}, {"hashtags": ["architecture"], "image": null, "image_local_name": "24107b63-2818-4154-af08-7c5d48bfb1f0.jpg", "post_link": null, "search_hashtag": "architecture"}, {"hashtags": ["architecture"], "image": null, "image_local_name": "743a8bd7-ee5a-4b7a-97e6-0df7fbc5333b.jpg", "post_link": null, "search_hashtag": "architecture"}, {"hashtags": ["architecture"], "image": null, "image_local_name": "c8cb26a6-6d1c-49c1-813a-9150d519fc40.jpg", "post_link": null, "search_hashtag": "architecture"}, {"hashtags": ["architecture"], "image": null, "image_local_name": "596674a1-dc7d-4211-a75e-7c7c96cde57f.jpg", "post_link": null, "search_hashtag": "architecture"}, {"hashtags": ["architecture"], "image": null, "image_local_name": "71afd61f-7b6a-42ca-a341-f2ca9a5e7ca3.jpg", "post_link": null, "search_hashtag": "architecture"}, {"hashtags": ["architecture"], "image": null, "image_local_name": "25b77572-f9af-41ac-9b18-00f641a2da06.jpg", "post_link": null, "search_hashtag": "architecture"}, {"hashtags": ["architecture"], "image": null, "image_local_name": "a4ab39d5-82bc-4047-b278-9e2322e9e83a.jpg", "post_link": null, "search_hashtag": "architecture"}, {"hashtags": ["architecture"], "image": null, "image_local_name": "cf4aa54b-9a65-4058-a3e2-60fcb0c16228.jpg", "post_link": null, "search_hashtag": "architecture"}, {"hashtags": ["architecture"], "image": null, "image_local_name": "a57bdfae-c41f-4b2d-84f4-306507c81f83.jpg", "post_link": null, "search_hashtag": "architecture"}, {"hashtags": ["architecture"], "image": null, "image_local_name": "d810adf7-610b-4a6e-b1bf-cfcd9fb64334.jpg", "post_link": null, "search_hashtag": "architecture"}, {"hashtags": ["architecture"], "image": null, "image_local_name": "f4ec90d0-f8bb-4c0e-9594-3eb6111a35d8.jpg", "post_link": null, "search_hashtag": "architecture"}, {"hashtags": ["architecture"], "image": null, "image_local_name": "4e83a3c6-a70e-45fc-8813-492863a3bf5b.jpg", "post_link": null, "search_hashtag": "architecture"}, {"hashtags": ["architecture"], "image": null, "image_local_name": "9f5708b5-53a1-4aca-8719-2eb75f232b4b.jpg", "post_link": null, "search_hashtag": "architecture"}, {"hashtags": ["architecture"], "image": null, "image_local_name": "ef11b11f-302b-407c-9a1d-31a8be4f14d9.jpg", "post_link": null, "search_hashtag": "architecture"}, {"hashtags": ["architecture"], "image": null, "image_local_name": "54116717-8054-4fa1-8395-18da15fecb45.jpg", "post_link": null, "search_hashtag": "architecture"}, {"hashtags": ["architecture"], "image": null, "image_local_name": "a8508529-54e1-4f7b-8843-88329f9b14b1.jpg", "post_link": null, "search_hashtag": "architecture"}, {"hashtags": ["architecture"], "image": null, "image_local_name": "b16e9b8e-11b0-4b01-96d1-886859e64d57.jpg", "post_link": null, "search_hashtag": "architecture"}, {"hashtags": ["architecture"], "image": null, "image_local_name": "482a1e35-4d6e-4416-aea0-6bbec10af046.jpg", "post_link": null, "search_hashtag": "architecture"}, {"hashtags": ["architecture"], "image": null, "image_local_name": "cffd5558-a181-48fd-b9c7-a5d827c06ecd.jpg", "post_link": null, "search_hashtag": "architecture"}, {"hashtags": ["architecture"], "image": null, "image_local_name": "bfd02b30-2e08-40a0-9295-2817f0652de5.jpg", "post_link": null, "search_hashtag": "architecture"}, {"hashtags": ["architecture"], "image": null, "image_local_name": "445b2bc1-4f5b-4bfa-8aa4-0d275c1923bb.jpg", "post_link": null, "search_hashtag": "architecture"}, {"hashtags": ["architecture"], "image": null, "image_local_name": "e23d0176-14a8-49cc-8216-156cf1e95c4d.jpg", "post_link": null, "search_hashtag": "architecture"}, {"hashtags": ["architecture"], "image": null, "image_local_name": "10547913-1f8f-4f34-bae5-eb8c8966c5c4.jpg", "post_link": null, "search_hashtag": "architecture"}, {"hashtags": ["architecture"], "image": null, "image_local_name": "b778ea11-9b4e-4f2b-bb73-925272838286.jpg", "post_link": null, "search_hashtag": "architecture"}, {"hashtags": ["architecture"], "image": null, "image_local_name": "7cbc4ddc-773a-46e9-a0b3-3d1f064243b3.jpg", "post_link": null, "search_hashtag": "architecture"}, {"hashtags": ["architecture"], "image": null, "image_local_name": "c9b7f4cc-7b70-4b49-8546-7bae41ab5347.jpg", "post_link": null, "search_hashtag": "architecture"}, {"hashtags": ["architecture"], "image": null, "image_local_name": "afba37ca-2d2e-4cf1-9117-4c9ac84ce8eb.jpg", "post_link": null, "search_hashtag": "architecture"}, {"hashtags": ["architecture"], "image": null, "image_local_name": "5aafd8b5-016c-46c4-bae7-3152083bb24b.jpg", "post_link": null, "search_hashtag": "architecture"}, {"hashtags": ["architecture"], "image": null, "image_local_name": "dc0dcc6a-9166-4960-8aa7-2513958f4da2.jpg", "post_link": null, "search_hashtag": "architecture"}, {"hashtags": ["architecture"], "image": null, "image_local_name": "df1ebce6-a603-4410-83b6-b731a8009cf0.jpg", "post_link": null, "search_hashtag": "architecture"}, {"hashtags": ["architecture"], "image": null, "image_local_name": "017310e1-9644-4cc1-923d-963817474fc7.jpg", "post_link": null, "search_hashtag": "architecture"}, {"hashtags": ["architecture"], "image": null, "image_local_name": "d5fe8709-d17a-4cf7-b0cd-20955fcffc04.jpg", "post_link": null, "search_hashtag": "architecture"}, {"hashtags": ["architecture"], "image": null, "image_local_name": "341386bb-d860-482f-8a1d-dba85c323894.jpg", "post_link": null, "search_hashtag": "architecture"}, {"hashtags": ["architecture"], "image": null, "image_local_name": "12b7a3dc-31a2-4b8f-837e-9232fcfb10f9.jpg", "post_link": null, "search_hashtag": "architecture"}, {"hashtags": ["architecture"], "image": null, "image_local_name": "03efcab6-0561-4292-9f46-776c2f673ea5.jpg", "post_link": null, "search_hashtag": "architecture"}, {"hashtags": ["architecture"], "image": null, "image_local_name": "3d8d75d9-6617-45c6-b1df-2a9727efb991.jpg", "post_link": null, "search_hashtag": "architecture"}, {"hashtags": ["architecture"], "image": null, "image_local_name": "73f7c923-d7e2-4365-b5c3-51dc19416dc4.jpg", "post_link": null, "search_hashtag": "architecture"}, {"hashtags": ["architecture"], "image": null, "image_local_name": "2c0aed1f-15fd-498b-89c3-19a88b1cb2ca.jpg", "post_link": null, "search_hashtag": "architecture"}, {"hashtags": ["architecture"], "image": null, "image_local_name": "4b9b5aec-bfd6-4865-a58c-171eb02383b7.jpg", "post_link": null, "search_hashtag": "architecture"}, {"hashtags": ["architecture"], "image": null, "image_local_name": "c83dca33-241d-4f17-8a45-dd73c1a353c4.jpg", "post_link": null, "search_hashtag": "architecture"}, {"hashtags": ["architecture"], "image": null, "image_local_name": "8026996f-9d39-44e8-9aad-e88ef6c37657.jpg", "post_link": null, "search_hashtag": "architecture"}, {"hashtags": ["architecture"], "image": null, "image_local_name": "2b6ca11e-3e17-44b0-99c1-e9eeff12ed41.jpg", "post_link": null, "search_hashtag": "architecture"}, {"hashtags": ["architecture"], "image": null, "image_local_name": "de37f0c8-72ed-418d-ae68-dc5bca122062.jpg", "post_link": null, "search_hashtag": "architecture"}, {"hashtags": ["architecture"], "image": null, "image_local_name": "a6ec9b72-edf6-43ba-910e-09634ae092a8.jpg", "post_link": null, "search_hashtag": "architecture"}, {"hashtags": ["architecture"], "image": null, "image_local_name": "2d5a0e7a-630d-4572-9737-934ac757ffc0.jpg", "post_link": null, "search_hashtag": "architecture"}, {"hashtags": ["architecture"], "image": null, "image_local_name": "a66690b1-d728-48a8-a11b-ee30a787f020.jpg", "post_link": null, "search_hashtag": "architecture"}, {"hashtags": ["architecture"], "image": null, "image_local_name": "1dd5f33d-86d5-46db-876c-776cd2bcc29e.jpg", "post_link": null, "search_hashtag": "architecture"}, {"hashtags": ["architecture"], "image": null, "image_local_name": "ec42488e-5643-4aa2-a7ef-3ce4198b6d6c.jpg", "post_link": null, "search_hashtag": "architecture"}, {"hashtags": ["architecture"], "image": null, "image_local_name": "f6c9211a-af6b-4c1e-a1b6-db94b530226f.jpg", "post_link": null, "search_hashtag": "architecture"}, {"hashtags": ["architecture"], "image": null, "image_local_name": "5dda301e-79ec-4931-8d60-4993f4bb0392.jpg", "post_link": null, "search_hashtag": "architecture"}, {"hashtags": ["architecture"], "image": null, "image_local_name": "a5a880a1-71fd-4ec1-a194-8b1088e4a28d.jpg", "post_link": null, "search_hashtag": "architecture"}, {"hashtags": ["architecture"], "image": null, "image_local_name": "749a5a48-299c-404b-95a3-a04a6ea97c52.jpg", "post_link": null, "search_hashtag": "architecture"}, {"hashtags": ["architecture"], "image": null, "image_local_name": "2cc14507-dd09-483a-b7ed-c5785275d725.jpg", "post_link": null, "search_hashtag": "architecture"}, {"hashtags": ["architecture"], "image": null, "image_local_name": "d6c9146a-bd5a-4a80-8c03-38ba3d7fa92c.jpg", "post_link": null, "search_hashtag": "architecture"}, {"hashtags": ["architecture"], "image": null, "image_local_name": "23ad42f3-2058-456e-b9f6-0afa90283791.jpg", "post_link": null, "search_hashtag": "architecture"}, {"hashtags": ["architecture"], "image": null, "image_local_name": "8fc2dffd-39f2-499b-8814-3b1a34ae7374.jpg", "post_link": null, "search_hashtag": "architecture"}, {"hashtags": ["architecture"], "image": null, "image_local_name": "40e30049-e743-4552-868d-362c6f3036a3.jpg", "post_link": null, "search_hashtag": "architecture"}, {"hashtags": ["architecture"], "image": null, "image_local_name": "e038df71-42f3-46d6-b77f-f2c29a4fceff.jpg", "post_link": null, "search_hashtag": "architecture"}, {"hashtags": ["architecture"], "image": null, "image_local_name": "0d8e3326-0d36-4486-857c-f001146f2d8e.jpg", "post_link": null, "search_hashtag": "architecture"}, {"hashtags": ["architecture"], "image": null, "image_local_name": "4d552dbb-ac07-4687-861f-d57b9304c653.jpg", "post_link": null, "search_hashtag": "architecture"}, {"hashtags": ["architecture"], "image": null, "image_local_name": "a72985c5-9a6b-43cc-b8f6-1f1caaee2303.jpg", "post_link": null, "search_hashtag": "architecture"}, {"hashtags": ["architecture"], "image": null, "image_local_name": "1bce3fe1-7caa-45f2-b2c1-a730fc6ed09b.jpg", "post_link": null, "search_hashtag": "architecture"}, {"hashtags": ["architecture"], "image": null, "image_local_name": "a5da2f54-87e9-451b-941b-68a6671dd33e.jpg", "post_link": null, "search_hashtag": "architecture"}, {"hashtags": ["architecture"], "image": null, "image_local_name": "45197b82-1fe2-4786-8a9b-960413613e6d.jpg", "post_link": null, "search_hashtag": "architecture"}, {"hashtags": ["architecture"], "image": null, "image_local_name": "41c7a6fe-4745-414b-8b63-d6119754cdf6.jpg", "post_link": null, "search_hashtag": "architecture"}, {"hashtags": ["architecture"], "image": null, "image_local_name": "0eaaf229-b149-4341-a8f2-003dd4a78b24.jpg", "post_link": null, "search_hashtag": "architecture"}, {"hashtags": ["architecture"], "image": null, "image_local_name": "8c2f0891-b954-4b89-a194-a45803853d34.jpg", "post_link": null, "search_hashtag": "architecture"}, {"hashtags": ["architecture"], "image": null, "image_local_name": "5af9d0a0-0de7-4427-a7f8-716c3bad7215.jpg", "post_link": null, "search_hashtag": "architecture"}, {"hashtags": ["architecture"], "image": null, "image_local_name": "5148cff1-0723-459d-b201-3cb6faeeeaab.jpg", "post_link": null, "search_hashtag": "architecture"}, {"hashtags": ["architecture"], "image": null, "image_local_name": "0d1cb74f-ee59-424e-99da-2a99db4b4e92.jpg", "post_link": null, "search_hashtag": "architecture"}, {"hashtags": ["architecture"], "image": null, "image_local_name": "b09ca4bb-a29f-4d00-8d70-6edf6bf7aeca.jpg", "post_link": null, "search_hashtag": "architecture"}, {"hashtags": ["architecture"], "image": null, "image_local_name": "0b51899b-dc3c-4f30-9230-3f5223cf79a6.jpg", "post_link": null, "search_hashtag": "architecture"}, {"hashtags": ["architecture"], "image": null, "image_local_name": "03e68951-71ca-4a9c-8de5-0cbb0fb7a60a.jpg", "post_link": null, "search_hashtag": "architecture"}, {"hashtags": ["architecture"], "image": null, "image_local_name": "3ef351f9-5078-4cda-a8d3-d026497e8488.jpg", "post_link": null, "search_hashtag": "architecture"}, {"hashtags": ["architecture"], "image": null, "image_local_name": "07e87987-8a5f-444b-ad94-d72972e310f5.jpg", "post_link": null, "search_hashtag": "architecture"}, {"hashtags": ["architecture"], "image": null, "image_local_name": "8ac32adb-a3b9-45d5-8fa9-f92b1f0ed0b3.jpg", "post_link": null, "search_hashtag": "architecture"}, {"hashtags": ["architecture"], "image": null, "image_local_name": "960c449d-674a-4af9-8ecd-c22e26feae6e.jpg", "post_link": null, "search_hashtag": "architecture"}, {"hashtags": ["architecture"], "image": null, "image_local_name": "a0d82f36-571c-4d4b-ad12-f690f1103bbe.jpg", "post_link": null, "search_hashtag": "architecture"}, {"hashtags": ["architecture"], "image": null, "image_local_name": "067d7d1c-2c08-4600-af83-3d9d296b95ca.jpg", "post_link": null, "search_hashtag": "architecture"}, {"hashtags": ["architecture"], "image": null, "image_local_name": "4d5a70e3-934b-4f1a-8cdb-6d1589736489.jpg", "post_link": null, "search_hashtag": "architecture"}, {"hashtags": ["architecture"], "image": null, "image_local_name": "b7de5547-de42-4a26-b80b-f6f113fa5350.jpg", "post_link": null, "search_hashtag": "architecture"}, {"hashtags": ["architecture"], "image": null, "image_local_name": "cd2ce340-9d93-44b9-90ba-44ec5f19c8cb.jpg", "post_link": null, "search_hashtag": "architecture"}, {"hashtags": ["architecture"], "image": null, "image_local_name": "621cf1a2-6357-4f12-9db1-25a8d2c15861.jpg", "post_link": null, "search_hashtag": "architecture"}, {"hashtags": ["architecture"], "image": null, "image_local_name": "44646c6a-f12e-4d7c-9fd2-59ac96b58575.jpg", "post_link": null, "search_hashtag": "architecture"}, {"hashtags": ["architecture"], "image": null, "image_local_name": "03549cc5-e2cf-4e27-8d37-0d622be1c6b3.jpg", "post_link": null, "search_hashtag": "architecture"}, {"hashtags": ["architecture"], "image": null, "image_local_name": "dd50ec5c-ed8f-43d7-bf35-356d4b4b4b81.jpg", "post_link": null, "search_hashtag": "architecture"}, {"hashtags": ["architecture"], "image": null, "image_local_name": "78f7e1a7-d4d8-4846-bdce-ab01302c3f27.jpg", "post_link": null, "search_hashtag": "architecture"}, {"hashtags": ["architecture"], "image": null, "image_local_name": "aeb44009-9f72-4c81-ab18-221f7941e829.jpg", "post_link": null, "search_hashtag": "architecture"}, {"hashtags": ["architecture"], "image": null, "image_local_name": "2f6a75cf-cdfa-4af6-bd31-84164dd67d8e.jpg", "post_link": null, "search_hashtag": "architecture"}, {"hashtags": ["architecture"], "image": null, "image_local_name": "3966a9c3-2e81-466a-b9e8-7ff35c0e3d5f.jpg", "post_link": null, "search_hashtag": "architecture"}, {"hashtags": ["architecture"], "image": null, "image_local_name": "bbb55278-66ef-4448-8bfe-b846b2aae808.jpg", "post_link": null, "search_hashtag": "architecture"}, {"hashtags": ["architecture"], "image": null, "image_local_name": "68fbfa13-f63c-4b39-840f-f94f6f40f112.jpg", "post_link": null, "search_hashtag": "architecture"}, {"hashtags": ["architecture"], "image": null, "image_local_name": "d52f4e26-26fb-40d7-b25a-a53ec803519a.jpg", "post_link": null, "search_hashtag": "architecture"}, {"hashtags": ["architecture"], "image": null, "image_local_name": "fc3984aa-6509-460c-9b44-b673deef38ca.jpg", "post_link": null, "search_hashtag": "architecture"}]