[{"hashtags": ["babies"], "image": null, "image_local_name": "96e23328-3f80-493b-a20b-10514b99f6d0.jpg", "post_link": null, "search_hashtag": "babies"}, {"hashtags": ["babies"], "image": null, "image_local_name": "e9913f71-574b-48e0-aae3-133ed9624794.jpg", "post_link": null, "search_hashtag": "babies"}, {"hashtags": ["babies"], "image": null, "image_local_name": "8ece2ace-e7b5-426a-b38a-03a420d5a1f2.jpg", "post_link": null, "search_hashtag": "babies"}, {"hashtags": ["babies"], "image": null, "image_local_name": "a08730cf-0146-4ae2-88c3-97110d4b5fa1.jpg", "post_link": null, "search_hashtag": "babies"}, {"hashtags": ["babies"], "image": null, "image_local_name": "387c4c0e-735a-4824-9ac8-2590da37d7f9.jpg", "post_link": null, "search_hashtag": "babies"}, {"hashtags": ["babies"], "image": null, "image_local_name": "f5ad6440-fc80-48d7-b703-8dbf6a9b02fe.jpg", "post_link": null, "search_hashtag": "babies"}, {"hashtags": ["babies"], "image": null, "image_local_name": "1729b931-5a19-40e3-a977-7d7657defc41.jpg", "post_link": null, "search_hashtag": "babies"}, {"hashtags": ["babies"], "image": null, "image_local_name": "555cc3a1-bfa6-4920-8799-b7da7779f843.jpg", "post_link": null, "search_hashtag": "babies"}, {"hashtags": ["babies"], "image": null, "image_local_name": "b9755f9f-0558-4717-9d83-93b25bace029.jpg", "post_link": null, "search_hashtag": "babies"}, {"hashtags": ["babies"], "image": null, "image_local_name": "115e8312-ac91-4248-98be-851632f1a6f8.jpg", "post_link": null, "search_hashtag": "babies"}, {"hashtags": ["babies"], "image": null, "image_local_name": "d09a934e-4b73-4b3c-a77d-25c731d7fa42.jpg", "post_link": null, "search_hashtag": "babies"}, {"hashtags": ["babies"], "image": null, "image_local_name": "102ce65c-4da0-4886-992d-37ecf3b15c36.jpg", "post_link": null, "search_hashtag": "babies"}, {"hashtags": ["babies"], "image": null, "image_local_name": "26c94dc1-d47f-4a52-9f94-f09f2d369ad5.jpg", "post_link": null, "search_hashtag": "babies"}, {"hashtags": ["babies"], "image": null, "image_local_name": "983c70ec-4187-4cdf-ad1e-d75f267b7a42.jpg", "post_link": null, "search_hashtag": "babies"}, {"hashtags": ["babies"], "image": null, "image_local_name": "3dab5888-338d-4c0c-a9c3-a722859b7472.jpg", "post_link": null, "search_hashtag": "babies"}, {"hashtags": ["babies"], "image": null, "image_local_name": "e36ad2c2-5d2b-49d3-beb9-0dbac4bab00c.jpg", "post_link": null, "search_hashtag": "babies"}, {"hashtags": ["babies"], "image": null, "image_local_name": "fc737fd0-d1f0-422c-89fa-c905961adc17.jpg", "post_link": null, "search_hashtag": "babies"}, {"hashtags": ["babies"], "image": null, "image_local_name": "21b44db0-1ca9-4715-80b4-c9cba3b4d0eb.jpg", "post_link": null, "search_hashtag": "babies"}, {"hashtags": ["babies"], "image": null, "image_local_name": "ec3402e6-77b3-4b2a-9c37-f6ff4a13b6ae.jpg", "post_link": null, "search_hashtag": "babies"}, {"hashtags": ["babies"], "image": null, "image_local_name": "75b50495-c97b-40ee-a742-6bc52085331d.jpg", "post_link": null, "search_hashtag": "babies"}, {"hashtags": ["babies"], "image": null, "image_local_name": "cdc2e321-8b86-426b-bcf6-ec55f94e3642.jpg", "post_link": null, "search_hashtag": "babies"}, {"hashtags": ["babies"], "image": null, "image_local_name": "8b4e762c-8599-43e9-bb1e-c0e683e0c769.jpg", "post_link": null, "search_hashtag": "babies"}, {"hashtags": ["babies"], "image": null, "image_local_name": "040b483c-55e1-4a50-b1fa-39305c8ae66e.jpg", "post_link": null, "search_hashtag": "babies"}, {"hashtags": ["babies"], "image": null, "image_local_name": "f1bf097b-8713-4ae3-a16d-cf3ac2fe3737.jpg", "post_link": null, "search_hashtag": "babies"}, {"hashtags": ["babies"], "image": null, "image_local_name": "4f73a15f-845e-4f62-8765-80233fd4f6ce.jpg", "post_link": null, "search_hashtag": "babies"}, {"hashtags": ["babies"], "image": null, "image_local_name": "f69c9e0a-37bb-416c-8d4e-5837a23c4562.jpg", "post_link": null, "search_hashtag": "babies"}, {"hashtags": ["babies"], "image": null, "image_local_name": "8a464a99-f232-43b9-b205-b3f847151d91.jpg", "post_link": null, "search_hashtag": "babies"}, {"hashtags": ["babies"], "image": null, "image_local_name": "55343aa8-8e53-4b96-b6f4-048323701a94.jpg", "post_link": null, "search_hashtag": "babies"}, {"hashtags": ["babies"], "image": null, "image_local_name": "2597e70e-134f-4067-9c1b-023111ac9632.jpg", "post_link": null, "search_hashtag": "babies"}, {"hashtags": ["babies"], "image": null, "image_local_name": "fb93d66b-c029-4dfc-b926-429d5bd66e1b.jpg", "post_link": null, "search_hashtag": "babies"}, {"hashtags": ["babies"], "image": null, "image_local_name": "0af29185-cce2-4c84-9b70-3bdd783dadd0.jpg", "post_link": null, "search_hashtag": "babies"}, {"hashtags": ["babies"], "image": null, "image_local_name": "371b177e-9b9a-465e-a914-118708f93589.jpg", "post_link": null, "search_hashtag": "babies"}, {"hashtags": ["babies"], "image": null, "image_local_name": "35276571-4971-4403-9440-e0f91d20bd1c.jpg", "post_link": null, "search_hashtag": "babies"}, {"hashtags": ["babies"], "image": null, "image_local_name": "ea129944-afe1-4def-9d78-e49359d0c1b8.jpg", "post_link": null, "search_hashtag": "babies"}, {"hashtags": ["babies"], "image": null, "image_local_name": "5942b912-aeb2-41a0-a6d2-99bdff4ea70f.jpg", "post_link": null, "search_hashtag": "babies"}, {"hashtags": ["babies"], "image": null, "image_local_name": "5584776c-5d17-4d94-8229-099d94f0b743.jpg", "post_link": null, "search_hashtag": "babies"}, {"hashtags": ["babies"], "image": null, "image_local_name": "78499000-4b4e-4a04-a98c-bb1ee9561f1f.jpg", "post_link": null, "search_hashtag": "babies"}, {"hashtags": ["babies"], "image": null, "image_local_name": "933e3d66-3974-49c1-ae4e-6caee28e53c7.jpg", "post_link": null, "search_hashtag": "babies"}, {"hashtags": ["babies"], "image": null, "image_local_name": "f93fa792-fba0-4fbe-a551-0440754a6dea.jpg", "post_link": null, "search_hashtag": "babies"}, {"hashtags": ["babies"], "image": null, "image_local_name": "960719ac-fed3-439a-86b1-84203b95b651.jpg", "post_link": null, "search_hashtag": "babies"}, {"hashtags": ["babies"], "image": null, "image_local_name": "ead0c814-925b-4ea2-af91-9cbe07b3e1ee.jpg", "post_link": null, "search_hashtag": "babies"}, {"hashtags": ["babies"], "image": null, "image_local_name": "2b169e5e-4277-4e49-b613-7f55d29d94b5.jpg", "post_link": null, "search_hashtag": "babies"}, {"hashtags": ["babies"], "image": null, "image_local_name": "0c45df3f-b2ea-40de-8178-aefcafc854e1.jpg", "post_link": null, "search_hashtag": "babies"}, {"hashtags": ["babies"], "image": null, "image_local_name": "ad206614-e187-4641-a645-ea1fda446a2f.jpg", "post_link": null, "search_hashtag": "babies"}, {"hashtags": ["babies"], "image": null, "image_local_name": "4579a5f9-7b46-4383-9f91-9d4304f6bf87.jpg", "post_link": null, "search_hashtag": "babies"}, {"hashtags": ["babies"], "image": null, "image_local_name": "ba50ade7-d49c-4c1f-82e7-c579b67f54bf.jpg", "post_link": null, "search_hashtag": "babies"}, {"hashtags": ["babies"], "image": null, "image_local_name": "82bfe9ba-bb67-44f4-998f-9c1540277456.jpg", "post_link": null, "search_hashtag": "babies"}, {"hashtags": ["babies"], "image": null, "image_local_name": "c13a9711-4b54-44a7-846c-30b3cc2208d2.jpg", "post_link": null, "search_hashtag": "babies"}, {"hashtags": ["babies"], "image": null, "image_local_name": "f858ab6f-f036-4e4f-93be-5ee82f5bd1ff.jpg", "post_link": null, "search_hashtag": "babies"}, {"hashtags": ["babies"], "image": null, "image_local_name": "68d55830-5042-4064-9d62-bca1e6f44345.jpg", "post_link": null, "search_hashtag": "babies"}, {"hashtags": ["babies"], "image": null, "image_local_name": "3a1ba9aa-baab-47ff-ad34-fb7ad73b03f0.jpg", "post_link": null, "search_hashtag": "babies"}, {"hashtags": ["babies"], "image": null, "image_local_name": "98d13554-f53a-4da4-904a-c37c3a052a41.jpg", "post_link": null, "search_hashtag": "babies"}, {"hashtags": ["babies"], "image": null, "image_local_name": "566de19d-86a1-4b85-b7ff-685b117af34a.jpg", "post_link": null, "search_hashtag": "babies"}, {"hashtags": ["babies"], "image": null, "image_local_name": "020783b2-35e6-463d-9880-60bcd3660610.jpg", "post_link": null, "search_hashtag": "babies"}, {"hashtags": ["babies"], "image": null, "image_local_name": "2423295c-e5f2-4506-b2a8-c018c7d8dd1c.jpg", "post_link": null, "search_hashtag": "babies"}, {"hashtags": ["babies"], "image": null, "image_local_name": "69a08623-d2c5-4d3b-8a26-9a94b1ff4ed1.jpg", "post_link": null, "search_hashtag": "babies"}, {"hashtags": ["babies"], "image": null, "image_local_name": "83962af5-8843-4947-9fc4-fe066852d16d.jpg", "post_link": null, "search_hashtag": "babies"}, {"hashtags": ["babies"], "image": null, "image_local_name": "65271d19-f91b-4669-a457-e8e6615ddd60.jpg", "post_link": null, "search_hashtag": "babies"}, {"hashtags": ["babies"], "image": null, "image_local_name": "497753cc-cc7e-4ea4-8922-2d8e2e3b9c66.jpg", "post_link": null, "search_hashtag": "babies"}, {"hashtags": ["babies"], "image": null, "image_local_name": "1019695e-7b03-46f8-9cd4-4bb0f0ec96ec.jpg", "post_link": null, "search_hashtag": "babies"}, {"hashtags": ["babies"], "image": null, "image_local_name": "ed8f25f8-189c-4d58-9d62-7588547a9d27.jpg", "post_link": null, "search_hashtag": "babies"}, {"hashtags": ["babies"], "image": null, "image_local_name": "13c6d2ac-8f8c-420b-9e9d-594be7053e97.jpg", "post_link": null, "search_hashtag": "babies"}, {"hashtags": ["babies"], "image": null, "image_local_name": "6e11f050-bfd0-4cdb-a8da-0ddb8cdc6541.jpg", "post_link": null, "search_hashtag": "babies"}, {"hashtags": ["babies"], "image": null, "image_local_name": "ab96661b-7e5e-4142-825c-7c1775099254.jpg", "post_link": null, "search_hashtag": "babies"}, {"hashtags": ["babies"], "image": null, "image_local_name": "4ea6b591-97ba-45dc-b490-9e11a8492c30.jpg", "post_link": null, "search_hashtag": "babies"}, {"hashtags": ["babies"], "image": null, "image_local_name": "4c537c13-1249-4aa1-9e03-9615b3deeeef.jpg", "post_link": null, "search_hashtag": "babies"}, {"hashtags": ["babies"], "image": null, "image_local_name": "b09f0079-a5a4-428d-a938-460ef27ef0f1.jpg", "post_link": null, "search_hashtag": "babies"}, {"hashtags": ["babies"], "image": null, "image_local_name": "5ad0c63a-c2f2-4ec9-9334-4e7348bb8f3b.jpg", "post_link": null, "search_hashtag": "babies"}, {"hashtags": ["babies"], "image": null, "image_local_name": "c8117159-87f4-43b7-b093-c7dd0a762de3.jpg", "post_link": null, "search_hashtag": "babies"}, {"hashtags": ["babies"], "image": null, "image_local_name": "d950ce1f-5f6b-4de6-8ea4-1ddcc58ba114.jpg", "post_link": null, "search_hashtag": "babies"}, {"hashtags": ["babies"], "image": null, "image_local_name": "d1b515f9-8d7e-4ecd-a046-ce269984ae23.jpg", "post_link": null, "search_hashtag": "babies"}, {"hashtags": ["babies"], "image": null, "image_local_name": "33c9426f-96bb-49bd-8ff4-c81788c4ad9f.jpg", "post_link": null, "search_hashtag": "babies"}, {"hashtags": ["babies"], "image": null, "image_local_name": "c81c141d-1944-41fe-9578-d999ae668487.jpg", "post_link": null, "search_hashtag": "babies"}, {"hashtags": ["babies"], "image": null, "image_local_name": "6c9ebf3d-6869-49ef-8be1-62cd01a772f6.jpg", "post_link": null, "search_hashtag": "babies"}, {"hashtags": ["babies"], "image": null, "image_local_name": "7677aa20-b0bb-4c44-b473-e1f64650ab92.jpg", "post_link": null, "search_hashtag": "babies"}, {"hashtags": ["babies"], "image": null, "image_local_name": "ae0c4c88-316b-4e6d-a4bb-6086d1ff02c6.jpg", "post_link": null, "search_hashtag": "babies"}, {"hashtags": ["babies"], "image": null, "image_local_name": "4f8df17d-205c-4607-9b9b-5ba2d3ab059e.jpg", "post_link": null, "search_hashtag": "babies"}, {"hashtags": ["babies"], "image": null, "image_local_name": "2c9e8d65-ce4b-4ade-a090-54856ea30c5e.jpg", "post_link": null, "search_hashtag": "babies"}, {"hashtags": ["babies"], "image": null, "image_local_name": "8fc9a8bd-23d2-416e-9d9b-2ac9230bc552.jpg", "post_link": null, "search_hashtag": "babies"}, {"hashtags": ["babies"], "image": null, "image_local_name": "70cb3640-8586-47f1-b51b-bfdd972b3aba.jpg", "post_link": null, "search_hashtag": "babies"}, {"hashtags": ["babies"], "image": null, "image_local_name": "0d2a5445-b079-4a92-ba10-35520eb7e3c9.jpg", "post_link": null, "search_hashtag": "babies"}, {"hashtags": ["babies"], "image": null, "image_local_name": "9d4ff454-f520-4218-bf8e-0f011ce233e6.jpg", "post_link": null, "search_hashtag": "babies"}, {"hashtags": ["babies"], "image": null, "image_local_name": "4183ef48-71af-4574-b000-4d806607b8f5.jpg", "post_link": null, "search_hashtag": "babies"}, {"hashtags": ["babies"], "image": null, "image_local_name": "206aae05-2be8-4870-b433-5bebf75d5dd8.jpg", "post_link": null, "search_hashtag": "babies"}, {"hashtags": ["babies"], "image": null, "image_local_name": "f054fc3e-554f-4174-804e-977444727ae2.jpg", "post_link": null, "search_hashtag": "babies"}, {"hashtags": ["babies"], "image": null, "image_local_name": "0d10158a-003d-487e-954c-669183f717c7.jpg", "post_link": null, "search_hashtag": "babies"}, {"hashtags": ["babies"], "image": null, "image_local_name": "2a24882c-b24c-407c-82c3-73328940c816.jpg", "post_link": null, "search_hashtag": "babies"}, {"hashtags": ["babies"], "image": null, "image_local_name": "445c4f7e-685f-4a90-b75f-a3561cd6d384.jpg", "post_link": null, "search_hashtag": "babies"}, {"hashtags": ["babies"], "image": null, "image_local_name": "fc10f3fe-a68c-48e2-b2bb-f5e94ed0623c.jpg", "post_link": null, "search_hashtag": "babies"}, {"hashtags": ["babies"], "image": null, "image_local_name": "90f0e11b-a268-4b9d-a863-c0b69186de33.jpg", "post_link": null, "search_hashtag": "babies"}, {"hashtags": ["babies"], "image": null, "image_local_name": "ac2cf585-3a14-4487-b82a-ccfebc79e3e1.jpg", "post_link": null, "search_hashtag": "babies"}, {"hashtags": ["babies"], "image": null, "image_local_name": "3edb30b0-cb9e-462f-93be-d4b62d32fd70.jpg", "post_link": null, "search_hashtag": "babies"}, {"hashtags": ["babies"], "image": null, "image_local_name": "b76d2bcf-b5c1-482f-b343-b39c52fd4c1d.jpg", "post_link": null, "search_hashtag": "babies"}, {"hashtags": ["babies"], "image": null, "image_local_name": "12411024-6156-4f8b-b84d-d08a3c9b4540.jpg", "post_link": null, "search_hashtag": "babies"}, {"hashtags": ["babies"], "image": null, "image_local_name": "a38db44a-c252-4f64-ba16-deb27de19061.jpg", "post_link": null, "search_hashtag": "babies"}, {"hashtags": ["babies"], "image": null, "image_local_name": "c408b61a-7986-4cfb-878b-4fc9dda16108.jpg", "post_link": null, "search_hashtag": "babies"}, {"hashtags": ["babies"], "image": null, "image_local_name": "2e18e2c8-22d3-4b06-9f69-f19cddcb15bc.jpg", "post_link": null, "search_hashtag": "babies"}, {"hashtags": ["babies"], "image": null, "image_local_name": "84d21957-bee0-4747-9d6e-ec08dbbad0fb.jpg", "post_link": null, "search_hashtag": "babies"}, {"hashtags": ["babies"], "image": null, "image_local_name": "c24c9b30-4c4c-48d8-b3e4-129846accc11.jpg", "post_link": null, "search_hashtag": "babies"}, {"hashtags": ["babies"], "image": null, "image_local_name": "d783acbb-a52d-4ab5-a72f-ca9160f0fd10.jpg", "post_link": null, "search_hashtag": "babies"}, {"hashtags": ["babies"], "image": null, "image_local_name": "0a931fdc-38c7-4085-a574-542a43716f23.jpg", "post_link": null, "search_hashtag": "babies"}, {"hashtags": ["babies"], "image": null, "image_local_name": "c06099be-6127-410a-8747-993212bd24f4.jpg", "post_link": null, "search_hashtag": "babies"}, {"hashtags": ["babies"], "image": null, "image_local_name": "109d971f-f8df-4560-bbec-91164312ddd6.jpg", "post_link": null, "search_hashtag": "babies"}, {"hashtags": ["babies"], "image": null, "image_local_name": "e16a42d5-51c7-4493-ab40-c14042bf930e.jpg", "post_link": null, "search_hashtag": "babies"}, {"hashtags": ["babies"], "image": null, "image_local_name": "dde63e0e-c66c-40c3-8ff6-fb8b3e45b840.jpg", "post_link": null, "search_hashtag": "babies"}, {"hashtags": ["babies"], "image": null, "image_local_name": "576a6a4c-e5fe-472b-a44d-10fc6bd1efd5.jpg", "post_link": null, "search_hashtag": "babies"}, {"hashtags": ["babies"], "image": null, "image_local_name": "f9666928-2980-43cc-8de3-512e1fae0801.jpg", "post_link": null, "search_hashtag": "babies"}, {"hashtags": ["babies"], "image": null, "image_local_name": "6552c438-5165-4a26-ac6e-1b42633e40ad.jpg", "post_link": null, "search_hashtag": "babies"}, {"hashtags": ["babies"], "image": null, "image_local_name": "02d5c937-4585-4b31-ab42-c0df5e956f99.jpg", "post_link": null, "search_hashtag": "babies"}, {"hashtags": ["babies"], "image": null, "image_local_name": "47a70842-b5d3-4246-a823-d3b979615e79.jpg", "post_link": null, "search_hashtag": "babies"}, {"hashtags": ["babies"], "image": null, "image_local_name": "d3549a47-a8ad-4283-b81c-bdf08a66dbfb.jpg", "post_link": null, "search_hashtag": "babies"}, {"hashtags": ["babies"], "image": null, "image_local_name": "95f88702-f5d0-48f2-a55c-8e124b5df78e.jpg", "post_link": null, "search_hashtag": "babies"}, {"hashtags": ["babies"], "image": null, "image_local_name": "7e248785-ad91-4dcd-a8a3-26fa66de6f80.jpg", "post_link": null, "search_hashtag": "babies"}, {"hashtags": ["babies"], "image": null, "image_local_name": "b20cf9a9-b6c3-448e-a695-65cbabf1357a.jpg", "post_link": null, "search_hashtag": "babies"}, {"hashtags": ["babies"], "image": null, "image_local_name": "cfc95c45-6d2f-4e34-b2cf-d465d6842208.jpg", "post_link": null, "search_hashtag": "babies"}, {"hashtags": ["babies"], "image": null, "image_local_name": "5eb6a09e-a521-4272-89f8-f12285e64100.jpg", "post_link": null, "search_hashtag": "babies"}, {"hashtags": ["babies"], "image": null, "image_local_name": "85347dc3-cab8-4dc3-8614-616669ab85ed.jpg", "post_link": null, "search_hashtag": "babies"}, {"hashtags": ["babies"], "image": null, "image_local_name": "f2501e9b-917a-4770-a23e-94f48e19fa4c.jpg", "post_link": null, "search_hashtag": "babies"}, {"hashtags": ["babies"], "image": null, "image_local_name": "de7182d8-407e-4701-825e-2934a4c61521.jpg", "post_link": null, "search_hashtag": "babies"}, {"hashtags": ["babies"], "image": null, "image_local_name": "4ab53fb0-dce8-40c3-9da7-b3110f940d23.jpg", "post_link": null, "search_hashtag": "babies"}, {"hashtags": ["babies"], "image": null, "image_local_name": "51946d53-197d-4fe6-9055-9a27d2d88f08.jpg", "post_link": null, "search_hashtag": "babies"}, {"hashtags": ["babies"], "image": null, "image_local_name": "dbdc9dc7-d3fc-4c3f-a605-ebd179783c33.jpg", "post_link": null, "search_hashtag": "babies"}, {"hashtags": ["babies"], "image": null, "image_local_name": "326e3397-67bf-40c3-b200-5a6400806b07.jpg", "post_link": null, "search_hashtag": "babies"}, {"hashtags": ["babies"], "image": null, "image_local_name": "4b53bda2-a1ea-4cff-ac75-ef9ceaaeaa2c.jpg", "post_link": null, "search_hashtag": "babies"}, {"hashtags": ["babies"], "image": null, "image_local_name": "a8b83a4c-3c74-411f-ae3a-c8bdb55cebb6.jpg", "post_link": null, "search_hashtag": "babies"}, {"hashtags": ["babies"], "image": null, "image_local_name": "93b4dd6f-a0dc-49d2-b375-6041c63028ef.jpg", "post_link": null, "search_hashtag": "babies"}, {"hashtags": ["babies"], "image": null, "image_local_name": "956db7ac-3e76-41f5-9524-886fd28a0433.jpg", "post_link": null, "search_hashtag": "babies"}, {"hashtags": ["babies"], "image": null, "image_local_name": "488133c1-d7fa-4189-8f61-0036cc5a29d4.jpg", "post_link": null, "search_hashtag": "babies"}, {"hashtags": ["babies"], "image": null, "image_local_name": "aaf5cc93-d691-4948-b544-257efda1164a.jpg", "post_link": null, "search_hashtag": "babies"}, {"hashtags": ["babies"], "image": null, "image_local_name": "a78a4d52-2998-4c04-94bd-61729049f317.jpg", "post_link": null, "search_hashtag": "babies"}, {"hashtags": ["babies"], "image": null, "image_local_name": "4525739e-5f02-4e27-ad41-800fd0716e92.jpg", "post_link": null, "search_hashtag": "babies"}, {"hashtags": ["babies"], "image": null, "image_local_name": "c7859ea9-d0d4-491e-af91-d91e9a8c122b.jpg", "post_link": null, "search_hashtag": "babies"}, {"hashtags": ["babies"], "image": null, "image_local_name": "a8aa86f9-9149-4341-9172-b7329d1efdc8.jpg", "post_link": null, "search_hashtag": "babies"}, {"hashtags": ["babies"], "image": null, "image_local_name": "cb9de710-4025-412b-943f-e73120722a46.jpg", "post_link": null, "search_hashtag": "babies"}, {"hashtags": ["babies"], "image": null, "image_local_name": "b823ff1c-5b02-408b-b0db-2e1cb897f36b.jpg", "post_link": null, "search_hashtag": "babies"}, {"hashtags": ["babies"], "image": null, "image_local_name": "79d1819f-cfb3-4ac5-9687-fa4d213a92c5.jpg", "post_link": null, "search_hashtag": "babies"}, {"hashtags": ["babies"], "image": null, "image_local_name": "c5be1cd5-1081-4fe0-8f96-e40dc9a63b57.jpg", "post_link": null, "search_hashtag": "babies"}, {"hashtags": ["babies"], "image": null, "image_local_name": "1c7ceb37-db54-48d6-9623-45f11274bab0.jpg", "post_link": null, "search_hashtag": "babies"}, {"hashtags": ["babies"], "image": null, "image_local_name": "af1ad414-77d3-4c1a-82bc-f3b4fa66e243.jpg", "post_link": null, "search_hashtag": "babies"}, {"hashtags": ["babies"], "image": null, "image_local_name": "d57458b4-d686-42d6-86b4-40841c9b4a34.jpg", "post_link": null, "search_hashtag": "babies"}, {"hashtags": ["babies"], "image": null, "image_local_name": "348e25a9-6d84-4ddf-a992-335a35b2e9ee.jpg", "post_link": null, "search_hashtag": "babies"}, {"hashtags": ["babies"], "image": null, "image_local_name": "3a191d62-80ca-45f0-84d7-5fa8cc102634.jpg", "post_link": null, "search_hashtag": "babies"}, {"hashtags": ["babies"], "image": null, "image_local_name": "ad7dffa9-bb4f-4f60-8eb9-eafe6f9e33fb.jpg", "post_link": null, "search_hashtag": "babies"}, {"hashtags": ["babies"], "image": null, "image_local_name": "7280d9bb-7426-47fe-a20c-74fc77cecce0.jpg", "post_link": null, "search_hashtag": "babies"}, {"hashtags": ["babies"], "image": null, "image_local_name": "fcb1b6a9-0cc7-4692-8470-2e8297147063.jpg", "post_link": null, "search_hashtag": "babies"}, {"hashtags": ["babies"], "image": null, "image_local_name": "b013b952-8b82-4034-b368-fd3a5c1d4f99.jpg", "post_link": null, "search_hashtag": "babies"}, {"hashtags": ["babies"], "image": null, "image_local_name": "7f125ded-1cb1-4cc5-96b6-bf1ade128cef.jpg", "post_link": null, "search_hashtag": "babies"}, {"hashtags": ["babies"], "image": null, "image_local_name": "4a43a237-005a-46ee-b567-80b951152771.jpg", "post_link": null, "search_hashtag": "babies"}, {"hashtags": ["babies"], "image": null, "image_local_name": "72337f4b-a170-49ef-ae6e-91adb49b15a5.jpg", "post_link": null, "search_hashtag": "babies"}, {"hashtags": ["babies"], "image": null, "image_local_name": "5a602c15-3657-44a5-b6d7-46dd5f28b42f.jpg", "post_link": null, "search_hashtag": "babies"}, {"hashtags": ["babies"], "image": null, "image_local_name": "a297d150-91bd-45ff-8f7a-df3590033488.jpg", "post_link": null, "search_hashtag": "babies"}, {"hashtags": ["babies"], "image": null, "image_local_name": "2aa9dd38-5c92-406c-a9d8-23844d7d7554.jpg", "post_link": null, "search_hashtag": "babies"}, {"hashtags": ["babies"], "image": null, "image_local_name": "2e5f508b-a84e-4481-8913-0e58c833b266.jpg", "post_link": null, "search_hashtag": "babies"}, {"hashtags": ["babies"], "image": null, "image_local_name": "b8a6ca6d-cff9-4f84-ba90-e154ceb2af0f.jpg", "post_link": null, "search_hashtag": "babies"}, {"hashtags": ["babies"], "image": null, "image_local_name": "338a57b7-edd2-4c91-9ea1-3543edf82181.jpg", "post_link": null, "search_hashtag": "babies"}, {"hashtags": ["babies"], "image": null, "image_local_name": "414864f0-34c6-4f5f-8b57-a7c0990fb169.jpg", "post_link": null, "search_hashtag": "babies"}, {"hashtags": ["babies"], "image": null, "image_local_name": "2a63bfd1-b9c1-4072-8b7a-d52fa31e5dca.jpg", "post_link": null, "search_hashtag": "babies"}, {"hashtags": ["babies"], "image": null, "image_local_name": "6a8a798b-1ec0-4e2b-8fae-e0ada5706b94.jpg", "post_link": null, "search_hashtag": "babies"}, {"hashtags": ["babies"], "image": null, "image_local_name": "af430149-25dc-4015-a341-74503c260dd2.jpg", "post_link": null, "search_hashtag": "babies"}, {"hashtags": ["babies"], "image": null, "image_local_name": "4da98a7c-16d5-4536-a375-614c1229076a.jpg", "post_link": null, "search_hashtag": "babies"}, {"hashtags": ["babies"], "image": null, "image_local_name": "f1c2ee37-e00a-4c59-8b8b-963cdb663e1c.jpg", "post_link": null, "search_hashtag": "babies"}, {"hashtags": ["babies"], "image": null, "image_local_name": "98cec294-11d4-481a-b5e3-543a183b43b0.jpg", "post_link": null, "search_hashtag": "babies"}, {"hashtags": ["babies"], "image": null, "image_local_name": "7c834ab6-1827-440c-b0ec-24f0c50ff543.jpg", "post_link": null, "search_hashtag": "babies"}, {"hashtags": ["babies"], "image": null, "image_local_name": "187bac83-c84c-4bd1-9f71-3a2f89e22fba.jpg", "post_link": null, "search_hashtag": "babies"}, {"hashtags": ["babies"], "image": null, "image_local_name": "ae69fe3e-b4b6-4a15-bb80-6aea40261471.jpg", "post_link": null, "search_hashtag": "babies"}, {"hashtags": ["babies"], "image": null, "image_local_name": "b9b7ec0f-f575-4aef-9566-e5fa1f7a2cbd.jpg", "post_link": null, "search_hashtag": "babies"}, {"hashtags": ["babies"], "image": null, "image_local_name": "ab252a5a-8bd4-41fd-8e29-f07905862d0f.jpg", "post_link": null, "search_hashtag": "babies"}, {"hashtags": ["babies"], "image": null, "image_local_name": "86e54507-ba1a-4c8f-bd94-3e34d0f3dab8.jpg", "post_link": null, "search_hashtag": "babies"}, {"hashtags": ["babies"], "image": null, "image_local_name": "4d4da65c-d72f-47a0-b21b-05f84610fca7.jpg", "post_link": null, "search_hashtag": "babies"}, {"hashtags": ["babies"], "image": null, "image_local_name": "f987c712-83ef-48ad-80f7-1f6ab5315517.jpg", "post_link": null, "search_hashtag": "babies"}, {"hashtags": ["babies"], "image": null, "image_local_name": "2e271c14-5aa5-451d-9145-5c3950c6a38d.jpg", "post_link": null, "search_hashtag": "babies"}, {"hashtags": ["babies"], "image": null, "image_local_name": "448df69f-1858-4811-a562-84bfdaa91ee3.jpg", "post_link": null, "search_hashtag": "babies"}, {"hashtags": ["babies"], "image": null, "image_local_name": "b87526d2-d7da-47f4-97b7-fe265bd8b31b.jpg", "post_link": null, "search_hashtag": "babies"}, {"hashtags": ["babies"], "image": null, "image_local_name": "6e3957e4-d0af-4d80-a176-1c25d1b3c560.jpg", "post_link": null, "search_hashtag": "babies"}, {"hashtags": ["babies"], "image": null, "image_local_name": "f7abc80e-3c6d-4da2-9d34-6ba3e43e31a3.jpg", "post_link": null, "search_hashtag": "babies"}, {"hashtags": ["babies"], "image": null, "image_local_name": "97dc81f6-4cb5-480c-91ba-cc6bffb7cff7.jpg", "post_link": null, "search_hashtag": "babies"}, {"hashtags": ["babies"], "image": null, "image_local_name": "6b2f16ab-18d6-441f-b980-c5b5d0ca0a41.jpg", "post_link": null, "search_hashtag": "babies"}, {"hashtags": ["babies"], "image": null, "image_local_name": "0b813f92-9dfd-42c2-96de-d8021570cca6.jpg", "post_link": null, "search_hashtag": "babies"}, {"hashtags": ["babies"], "image": null, "image_local_name": "783ebcfe-647a-46f6-8539-3a7cb9596364.jpg", "post_link": null, "search_hashtag": "babies"}, {"hashtags": ["babies"], "image": null, "image_local_name": "dbee82d9-e8c2-424d-bf15-d3fb6b435526.jpg", "post_link": null, "search_hashtag": "babies"}, {"hashtags": ["babies"], "image": null, "image_local_name": "3d4e384d-c79f-497c-a6fc-6b15b3cd049e.jpg", "post_link": null, "search_hashtag": "babies"}, {"hashtags": ["babies"], "image": null, "image_local_name": "b33f171a-9479-4991-abc5-f66a924a7d20.jpg", "post_link": null, "search_hashtag": "babies"}, {"hashtags": ["babies"], "image": null, "image_local_name": "07e50e68-0a59-47ff-a519-91bf160b91a5.jpg", "post_link": null, "search_hashtag": "babies"}, {"hashtags": ["babies"], "image": null, "image_local_name": "b6ec0070-fb8c-4e6b-b7ce-267f094480f3.jpg", "post_link": null, "search_hashtag": "babies"}, {"hashtags": ["babies"], "image": null, "image_local_name": "b04f38e7-03f7-42e0-aa56-f2100795f813.jpg", "post_link": null, "search_hashtag": "babies"}, {"hashtags": ["babies"], "image": null, "image_local_name": "a094e37c-d085-4b3e-ad6a-2206f1b784f8.jpg", "post_link": null, "search_hashtag": "babies"}, {"hashtags": ["babies"], "image": null, "image_local_name": "9d59b5d6-7bbf-4752-8650-9a0ba22ddf20.jpg", "post_link": null, "search_hashtag": "babies"}, {"hashtags": ["babies"], "image": null, "image_local_name": "20479f3e-ec5f-4869-b708-064adc0e8b63.jpg", "post_link": null, "search_hashtag": "babies"}, {"hashtags": ["babies"], "image": null, "image_local_name": "e7bd2ecb-2646-4c04-84cb-4a2934d2a5ed.jpg", "post_link": null, "search_hashtag": "babies"}, {"hashtags": ["babies"], "image": null, "image_local_name": "c6905700-01b9-4129-8daa-23ef45c4bd09.jpg", "post_link": null, "search_hashtag": "babies"}, {"hashtags": ["babies"], "image": null, "image_local_name": "588a8674-ad81-46cf-9808-e9b6bfea4416.jpg", "post_link": null, "search_hashtag": "babies"}, {"hashtags": ["babies"], "image": null, "image_local_name": "46282603-44e2-4d13-8e67-29c9c197ae60.jpg", "post_link": null, "search_hashtag": "babies"}, {"hashtags": ["babies"], "image": null, "image_local_name": "9828dbc9-d20c-44f8-ab26-05a7f6d4181c.jpg", "post_link": null, "search_hashtag": "babies"}, {"hashtags": ["babies"], "image": null, "image_local_name": "d4aedcf6-7685-4cc7-a0d8-7203122478b8.jpg", "post_link": null, "search_hashtag": "babies"}, {"hashtags": ["babies"], "image": null, "image_local_name": "6d9cd22a-e911-403d-bdcf-3dd7f6ffeac4.jpg", "post_link": null, "search_hashtag": "babies"}, {"hashtags": ["babies"], "image": null, "image_local_name": "31b71ba6-016c-483f-b7e5-014d1eac9309.jpg", "post_link": null, "search_hashtag": "babies"}, {"hashtags": ["babies"], "image": null, "image_local_name": "54439726-9901-4c71-86dc-a1496cbe4be4.jpg", "post_link": null, "search_hashtag": "babies"}, {"hashtags": ["babies"], "image": null, "image_local_name": "8ab57f0b-2c53-4db6-98ed-0398f006e9b2.jpg", "post_link": null, "search_hashtag": "babies"}, {"hashtags": ["babies"], "image": null, "image_local_name": "47cb13d8-cf01-405b-abb7-6fed0fe411a1.jpg", "post_link": null, "search_hashtag": "babies"}, {"hashtags": ["babies"], "image": null, "image_local_name": "1932183c-05f3-4a98-8806-fc7723c1483b.jpg", "post_link": null, "search_hashtag": "babies"}, {"hashtags": ["babies"], "image": null, "image_local_name": "0ba4e182-26f5-4b9c-a97f-b35009780049.jpg", "post_link": null, "search_hashtag": "babies"}, {"hashtags": ["babies"], "image": null, "image_local_name": "dcf8942a-aaa2-4c76-9317-ee722dec7036.jpg", "post_link": null, "search_hashtag": "babies"}, {"hashtags": ["babies"], "image": null, "image_local_name": "bfb1310d-9728-4b7a-9c98-58b9eafbe67f.jpg", "post_link": null, "search_hashtag": "babies"}, {"hashtags": ["babies"], "image": null, "image_local_name": "cafbd18c-edea-4106-8b1d-47155a225e96.jpg", "post_link": null, "search_hashtag": "babies"}, {"hashtags": ["babies"], "image": null, "image_local_name": "750b5311-b350-4aa3-a677-cdc8e49e9866.jpg", "post_link": null, "search_hashtag": "babies"}, {"hashtags": ["babies"], "image": null, "image_local_name": "b1dff1e3-1a7e-40b7-9de4-72db78b125fb.jpg", "post_link": null, "search_hashtag": "babies"}, {"hashtags": ["babies"], "image": null, "image_local_name": "23c3376a-8927-455a-8615-565b6f6d5f5b.jpg", "post_link": null, "search_hashtag": "babies"}, {"hashtags": ["babies"], "image": null, "image_local_name": "68ddbae9-a6b8-4a01-ad0e-5942ba8da0a7.jpg", "post_link": null, "search_hashtag": "babies"}, {"hashtags": ["babies"], "image": null, "image_local_name": "eaf62a73-e339-49b2-8c67-2bd5a20b04e6.jpg", "post_link": null, "search_hashtag": "babies"}, {"hashtags": ["babies"], "image": null, "image_local_name": "ad2483e7-a398-4b83-85b4-23983d0af274.jpg", "post_link": null, "search_hashtag": "babies"}, {"hashtags": ["babies"], "image": null, "image_local_name": "7a456b37-3ec0-4e99-9146-9aba8509a4ab.jpg", "post_link": null, "search_hashtag": "babies"}, {"hashtags": ["babies"], "image": null, "image_local_name": "e1e9115f-b589-497d-a060-c675ec934c4e.jpg", "post_link": null, "search_hashtag": "babies"}, {"hashtags": ["babies"], "image": null, "image_local_name": "ef36a4f0-e23c-43aa-b772-1d80f01c55cf.jpg", "post_link": null, "search_hashtag": "babies"}, {"hashtags": ["babies"], "image": null, "image_local_name": "d3779c57-9efc-418e-b62c-67297fa2570f.jpg", "post_link": null, "search_hashtag": "babies"}, {"hashtags": ["babies"], "image": null, "image_local_name": "1be38ebd-cc74-4563-9dbe-dd76dcd27ecf.jpg", "post_link": null, "search_hashtag": "babies"}, {"hashtags": ["babies"], "image": null, "image_local_name": "739e7431-5aba-468f-adb3-4077e8a38d8e.jpg", "post_link": null, "search_hashtag": "babies"}, {"hashtags": ["babies"], "image": null, "image_local_name": "84f21a21-267d-4550-ae1e-9adb5bc557b0.jpg", "post_link": null, "search_hashtag": "babies"}, {"hashtags": ["babies"], "image": null, "image_local_name": "1ea61d45-b7a3-439d-8ac2-4a9c4c3374f5.jpg", "post_link": null, "search_hashtag": "babies"}, {"hashtags": ["babies"], "image": null, "image_local_name": "b469ff71-b5d3-4b5d-b106-61534a198a53.jpg", "post_link": null, "search_hashtag": "babies"}, {"hashtags": ["babies"], "image": null, "image_local_name": "b3c53d46-1c6f-4a59-aa23-1227058757cf.jpg", "post_link": null, "search_hashtag": "babies"},  {"hashtags": ["babies"], "image": null, "image_local_name": "5048ee13-206f-446c-881e-36e65168f375.jpg", "post_link": null, "search_hashtag": "babies"}, {"hashtags": ["babies"], "image": null, "image_local_name": "059fc3d8-b4e2-4623-b1e7-5a9d15ce086f.jpg", "post_link": null, "search_hashtag": "babies"}, {"hashtags": ["babies"], "image": null, "image_local_name": "e1621902-68aa-4923-91ff-f926564d9306.jpg", "post_link": null, "search_hashtag": "babies"}, {"hashtags": ["babies"], "image": null, "image_local_name": "219b7499-7117-47a2-b568-f9ecd5c9c41a.jpg", "post_link": null, "search_hashtag": "babies"}, {"hashtags": ["babies"], "image": null, "image_local_name": "a72ac296-028a-4aba-831a-22e84ae5bd3d.jpg", "post_link": null, "search_hashtag": "babies"}, {"hashtags": ["babies"], "image": null, "image_local_name": "81a30bed-a3ee-47e7-980c-582cf5074254.jpg", "post_link": null, "search_hashtag": "babies"}, {"hashtags": ["babies"], "image": null, "image_local_name": "a051bee1-fd58-482b-b364-032a23198e32.jpg", "post_link": null, "search_hashtag": "babies"}, {"hashtags": ["babies"], "image": null, "image_local_name": "02c28ad0-4ada-49a7-816f-6499f410e723.jpg", "post_link": null, "search_hashtag": "babies"}, {"hashtags": ["babies"], "image": null, "image_local_name": "25fba006-0233-41b6-8da7-fb711f902b27.jpg", "post_link": null, "search_hashtag": "babies"}, {"hashtags": ["babies"], "image": null, "image_local_name": "06cc6933-6a70-4740-9edf-efeb65a446aa.jpg", "post_link": null, "search_hashtag": "babies"}, {"hashtags": ["babies"], "image": null, "image_local_name": "fb369fd6-af79-4abc-b414-c6549b117bdf.jpg", "post_link": null, "search_hashtag": "babies"}, {"hashtags": ["babies"], "image": null, "image_local_name": "71a72dcc-af53-41ef-a039-2cdfc1125663.jpg", "post_link": null, "search_hashtag": "babies"}, {"hashtags": ["babies"], "image": null, "image_local_name": "6e51b2f9-72f4-4c9a-bc88-7ac3697803ab.jpg", "post_link": null, "search_hashtag": "babies"}, {"hashtags": ["babies"], "image": null, "image_local_name": "08ec5fb6-acc7-4861-be9a-f55f486ffd50.jpg", "post_link": null, "search_hashtag": "babies"}, {"hashtags": ["babies"], "image": null, "image_local_name": "375db4dc-1991-4446-98da-c628232bef7b.jpg", "post_link": null, "search_hashtag": "babies"}, {"hashtags": ["babies"], "image": null, "image_local_name": "f9116909-2467-4787-9087-43866cfaae6b.jpg", "post_link": null, "search_hashtag": "babies"}, {"hashtags": ["babies"], "image": null, "image_local_name": "1de4d151-1487-4a8a-b8fa-bcd88a01bd59.jpg", "post_link": null, "search_hashtag": "babies"}, {"hashtags": ["babies"], "image": null, "image_local_name": "b096a555-d37f-4c65-bf03-b3e4acda412a.jpg", "post_link": null, "search_hashtag": "babies"}, {"hashtags": ["babies"], "image": null, "image_local_name": "6e3a99ec-98d5-4950-8ec6-a1fd0876df6a.jpg", "post_link": null, "search_hashtag": "babies"}, {"hashtags": ["babies"], "image": null, "image_local_name": "e860c284-1e0b-4f13-ae34-46721d3e1170.jpg", "post_link": null, "search_hashtag": "babies"}, {"hashtags": ["babies"], "image": null, "image_local_name": "f0a0a888-edd0-4832-babf-973ef6280792.jpg", "post_link": null, "search_hashtag": "babies"}, {"hashtags": ["babies"], "image": null, "image_local_name": "084cfac9-7953-49ed-94cb-4c5467bdd630.jpg", "post_link": null, "search_hashtag": "babies"}, {"hashtags": ["babies"], "image": null, "image_local_name": "642bbb62-71a2-4a77-8dac-9260061dd4c3.jpg", "post_link": null, "search_hashtag": "babies"}, {"hashtags": ["babies"], "image": null, "image_local_name": "73ebb285-d27c-4ace-aec9-547a001df086.jpg", "post_link": null, "search_hashtag": "babies"}, {"hashtags": ["babies"], "image": null, "image_local_name": "f5345da8-fa44-4c9f-a6db-b72a6ef2a74a.jpg", "post_link": null, "search_hashtag": "babies"}, {"hashtags": ["babies"], "image": null, "image_local_name": "16047255-eaec-4ea9-82ee-3bcad3f10859.jpg", "post_link": null, "search_hashtag": "babies"}, {"hashtags": ["babies"], "image": null, "image_local_name": "843ac295-a712-4261-ac8c-d40a0abbd3e4.jpg", "post_link": null, "search_hashtag": "babies"}, {"hashtags": ["babies"], "image": null, "image_local_name": "91b02603-8267-47fa-acd8-af383f865ee9.jpg", "post_link": null, "search_hashtag": "babies"}, {"hashtags": ["babies"], "image": null, "image_local_name": "57c997ba-0b18-4522-9369-b5847f511159.jpg", "post_link": null, "search_hashtag": "babies"}, {"hashtags": ["babies"], "image": null, "image_local_name": "648d2314-dea0-433d-b4c6-beaa311ae39a.jpg", "post_link": null, "search_hashtag": "babies"}, {"hashtags": ["babies"], "image": null, "image_local_name": "c10c76d1-1a2e-4ae9-a35e-a61878d20266.jpg", "post_link": null, "search_hashtag": "babies"}, {"hashtags": ["babies"], "image": null, "image_local_name": "106b585c-cb04-4da7-a613-d9f86fba675a.jpg", "post_link": null, "search_hashtag": "babies"}, {"hashtags": ["babies"], "image": null, "image_local_name": "b4eb3d79-2046-48f7-bcc0-45e9d7fd7c14.jpg", "post_link": null, "search_hashtag": "babies"}, {"hashtags": ["babies"], "image": null, "image_local_name": "f8d8d2c5-a057-4388-bb18-3bc805070757.jpg", "post_link": null, "search_hashtag": "babies"}, {"hashtags": ["babies"], "image": null, "image_local_name": "67d1bfef-71f9-4da5-bf05-a75f5fdbd40c.jpg", "post_link": null, "search_hashtag": "babies"}, {"hashtags": ["babies"], "image": null, "image_local_name": "d30bde13-b30c-4521-9c96-35083b12dedc.jpg", "post_link": null, "search_hashtag": "babies"}, {"hashtags": ["babies"], "image": null, "image_local_name": "2c3836a0-2fdc-4cbb-a70a-54cbdc8776d7.jpg", "post_link": null, "search_hashtag": "babies"}, {"hashtags": ["babies"], "image": null, "image_local_name": "30187689-44e0-4884-b742-cda8c1d6c74b.jpg", "post_link": null, "search_hashtag": "babies"}, {"hashtags": ["babies"], "image": null, "image_local_name": "626ba84a-a4ef-4301-8680-8ae968e889c4.jpg", "post_link": null, "search_hashtag": "babies"}, {"hashtags": ["babies"], "image": null, "image_local_name": "149a624f-44f9-4da9-9d97-35487a6c5104.jpg", "post_link": null, "search_hashtag": "babies"}, {"hashtags": ["babies"], "image": null, "image_local_name": "10e50795-87cf-4b48-bb95-36a8060dd29b.jpg", "post_link": null, "search_hashtag": "babies"}, {"hashtags": ["babies"], "image": null, "image_local_name": "c1b4ccbb-0f92-48c7-8207-2b452043f258.jpg", "post_link": null, "search_hashtag": "babies"}, {"hashtags": ["babies"], "image": null, "image_local_name": "64c7f07b-f755-4638-911d-528a2de6b039.jpg", "post_link": null, "search_hashtag": "babies"}, {"hashtags": ["babies"], "image": null, "image_local_name": "f631e646-e3e2-4abb-9451-4f9bca9508e8.jpg", "post_link": null, "search_hashtag": "babies"}, {"hashtags": ["babies"], "image": null, "image_local_name": "54f244a7-6f9f-47cc-ae8c-f612a0a8a069.jpg", "post_link": null, "search_hashtag": "babies"}, {"hashtags": ["babies"], "image": null, "image_local_name": "74d7cd6a-7f20-4160-82df-98466e42dbcb.jpg", "post_link": null, "search_hashtag": "babies"}, {"hashtags": ["babies"], "image": null, "image_local_name": "d317e4d7-f3ac-4b80-be76-c981d6dc715f.jpg", "post_link": null, "search_hashtag": "babies"}, {"hashtags": ["babies"], "image": null, "image_local_name": "adfd1ef1-4ba6-4018-8296-8c39db6469d8.jpg", "post_link": null, "search_hashtag": "babies"}, {"hashtags": ["babies"], "image": null, "image_local_name": "7d5b323a-801f-47bc-a914-5a4c5ebdbc0f.jpg", "post_link": null, "search_hashtag": "babies"}, {"hashtags": ["babies"], "image": null, "image_local_name": "633badd8-5d46-4a9e-b292-9de4acdfddb5.jpg", "post_link": null, "search_hashtag": "babies"}, {"hashtags": ["babies"], "image": null, "image_local_name": "d589acdd-1da1-4b49-903d-778647dd1a5b.jpg", "post_link": null, "search_hashtag": "babies"}, {"hashtags": ["babies"], "image": null, "image_local_name": "56d00cfc-1051-4aa6-a9d3-6026f0da736f.jpg", "post_link": null, "search_hashtag": "babies"}, {"hashtags": ["babies"], "image": null, "image_local_name": "786c816f-961e-4c09-83c8-c4bee6ea91d7.jpg", "post_link": null, "search_hashtag": "babies"}, {"hashtags": ["babies"], "image": null, "image_local_name": "60194798-a2fb-40bd-a981-42c51cdb79b2.jpg", "post_link": null, "search_hashtag": "babies"}, {"hashtags": ["babies"], "image": null, "image_local_name": "e324f0bc-c5c6-4592-b0f1-fa0a19f7ea65.jpg", "post_link": null, "search_hashtag": "babies"}, {"hashtags": ["babies"], "image": null, "image_local_name": "6cb7b3b1-49c8-49fe-9f83-7592ba7075ba.jpg", "post_link": null, "search_hashtag": "babies"}, {"hashtags": ["babies"], "image": null, "image_local_name": "a6fa6602-8b7a-4846-925e-54eabc2d68e8.jpg", "post_link": null, "search_hashtag": "babies"}, {"hashtags": ["babies"], "image": null, "image_local_name": "0a710eac-e084-4b75-8481-474bc5506189.jpg", "post_link": null, "search_hashtag": "babies"}, {"hashtags": ["babies"], "image": null, "image_local_name": "7c3fa814-b881-40ac-adca-f8ac12f065b8.jpg", "post_link": null, "search_hashtag": "babies"}, {"hashtags": ["babies"], "image": null, "image_local_name": "512d1158-1358-4726-a414-5fcdbd4c1a66.jpg", "post_link": null, "search_hashtag": "babies"}, {"hashtags": ["babies"], "image": null, "image_local_name": "504fba69-7e34-4fa0-ab90-33bbef35258a.jpg", "post_link": null, "search_hashtag": "babies"}, {"hashtags": ["babies"], "image": null, "image_local_name": "4558eba2-9366-4f9f-8cd4-b826f638612f.jpg", "post_link": null, "search_hashtag": "babies"}, {"hashtags": ["babies"], "image": null, "image_local_name": "c8b018b9-5cfd-4ec2-8f5f-8d91aa4454a8.jpg", "post_link": null, "search_hashtag": "babies"}, {"hashtags": ["babies"], "image": null, "image_local_name": "294cd7f9-bfb8-45cd-b467-16e51815c727.jpg", "post_link": null, "search_hashtag": "babies"}, {"hashtags": ["babies"], "image": null, "image_local_name": "2eb1da68-c956-4831-894c-2c6492fec446.jpg", "post_link": null, "search_hashtag": "babies"}, {"hashtags": ["babies"], "image": null, "image_local_name": "d73842a2-35c9-4f9d-a652-bf0892391b0b.jpg", "post_link": null, "search_hashtag": "babies"}, {"hashtags": ["babies"], "image": null, "image_local_name": "89b0763b-8d60-4c31-8dd7-4eae1294fa77.jpg", "post_link": null, "search_hashtag": "babies"}, {"hashtags": ["babies"], "image": null, "image_local_name": "b26bf5b4-c54c-404d-9cef-88c0c2b182a4.jpg", "post_link": null, "search_hashtag": "babies"}, {"hashtags": ["babies"], "image": null, "image_local_name": "266f3e67-81c3-4d3b-a7c5-be12ac107928.jpg", "post_link": null, "search_hashtag": "babies"}, {"hashtags": ["babies"], "image": null, "image_local_name": "c9be91fd-b3a5-4832-bf6e-a7e0a63c0d60.jpg", "post_link": null, "search_hashtag": "babies"}, {"hashtags": ["babies"], "image": null, "image_local_name": "556f791d-7f57-4c21-927d-1cef1c558886.jpg", "post_link": null, "search_hashtag": "babies"}, {"hashtags": ["babies"], "image": null, "image_local_name": "376d45c7-2a68-4f0d-9b4f-2436d396b35f.jpg", "post_link": null, "search_hashtag": "babies"}, {"hashtags": ["babies"], "image": null, "image_local_name": "7d82fbbb-bc11-4fe3-9744-64e30f2b515d.jpg", "post_link": null, "search_hashtag": "babies"}, {"hashtags": ["babies"], "image": null, "image_local_name": "628e3c95-5afe-4f68-9f5d-a99c5aeb609f.jpg", "post_link": null, "search_hashtag": "babies"}, {"hashtags": ["babies"], "image": null, "image_local_name": "b494912b-496b-4875-b49f-f56355a8d9bf.jpg", "post_link": null, "search_hashtag": "babies"}, {"hashtags": ["babies"], "image": null, "image_local_name": "8912c637-c42e-4229-a134-ebb296d92729.jpg", "post_link": null, "search_hashtag": "babies"}, {"hashtags": ["babies"], "image": null, "image_local_name": "5dd167da-891f-4320-8b4d-cc08e2f0fc36.jpg", "post_link": null, "search_hashtag": "babies"}, {"hashtags": ["babies"], "image": null, "image_local_name": "8750efae-dc7f-4262-9326-20d4fa4e746e.jpg", "post_link": null, "search_hashtag": "babies"}, {"hashtags": ["babies"], "image": null, "image_local_name": "d29867e8-f6f9-47f3-9662-4f18f0fe2aec.jpg", "post_link": null, "search_hashtag": "babies"}, {"hashtags": ["babies"], "image": null, "image_local_name": "9153561b-d08b-4063-90f6-49318f7182a2.jpg", "post_link": null, "search_hashtag": "babies"}]
